orientation_code,atp_cost_per_aa,dna_complexity_per_aa,pll,pll_per_aa,isoelectric_point,charge,mass,sequence_length,tm_rmsd,tm_score_assembly,tm_score_design,tm_rmsd100,predicted_usability,algorithms_sequence_prediction,algorithms_structure_prediction,rf_file_num,rib_num,model_sequence,sequence_molar_extinction_280,backbone_loop_mask_string,aligned_length,seq_id,sequence_name,dssp_assignment,aggrescan3d_avg_value,hydrophobic_fitness,packing_density,rosetta_total_per_aa,name
b4inin,23.080769230769228,2.673076923076923,-86.52683326601982,-1.6639775628080735,8.100000000000007,2.125806727593563,5887.78818,52,1.34,0.72364,0.6047,1.9909759274716072,0.5869463420769037,proteinmpnn,omegafold,20,4,VEECLKKCKSGNKEAIPECEKEWKAKGVKNAEECAKKWKEGNCEECAKKVKS,11380,GGGGGGGGGG-----GGGGGGGGGG-----GGGGGGGGGG--GGGGGGGGGG,40.0,0.0,b4inin_20,-HHHHHHHHTT-GGGHHHHHHHHHHHT-TTHHHHHHHHHHT-HHHHHHHH--,-2.4968,-89.94236918436012,52.48768472906404,8.103975952413986,Best Experimental Optimised Gaps Masked oxygenMathFix ProteinMPNN OF
l5innn,22.37794117647058,3.264705882352941,-122.1375236660242,-1.7961400539121204,10.100000000000009,5.7913951603575,7527.92468,68,1.87,0.68571,0.56073,2.316739811561313,0.7881167130698419,proteinmpnn,omegafold,35,5,MKKKVAKQLEEGKVDPELLAKVYKELTGDESTAKIVAKVAKKKLSKEELAKEMKKEGVTISAKALEKL,1280,GGGGGGGGGG-----GGGGGGGGGG-------GGGGGGGGGG---GGGGGGGGGG---GGGGGGGGGG,50.0,0.0,l5innn_35,-HHHHHHHHHTT---HHHHHHHHHHHH--HHHHHHHHHHHHT---HHHHHHHHHHTT----HHHHHH-,-2.4834,-57.85827848919593,50.84571428571429,12.61752113544378,Best Experimental Optimised Gaps Masked oxygenMathFix ProteinMPNN OF
b5ininn,18.891780821917813,3.506849315068493,-131.31892001628876,-1.7988893152916268,6.500000000000005,-0.202756058948651,7167.14208,73,0.86,0.88419,0.63585,1.0205963129079576,0.5866492005279866,proteinmpnn,omegafold,66,5,AIADLTKAVAAEAAKAKDARLKAIAEALAKAKNVDEVEAVLKAAGADADAAAAALRAGNWNAATIAKIVADIA,5690,GGGGGGGGGG---------GGGGGGGGGG-----GGGGGGGGGG---GGGGGGGGGG------GGGGGGGGGG,50.0,0.0,b5ininn_66,-HHHHHHHHHHHHHHHT-HHHHHHHHHHHT--SHHHHHHHHHHHTS-HHHHHHHHHTT---HHHHHHHHHHH-,-1.4006,-55.62500000000001,50.811133200795226,0.15727163616807344,Best Experimental Optimised Gaps Masked oxygenMathFix ProteinMPNN OF
b6ininin,20.27820512820512,3.1923076923076925,-98.77961636520922,-1.266405338015503,4.900000000000004,-3.2021378866097034,8226.38598,78,1.82,0.71033,0.59369,2.078172822120648,0.6443766878787514,proteinmpnn,omegafold,79,6,AEEIKKALKEGEAEEIAKALAKLGANAEKIKKELAKEGPDYDAIAEELAKIGNAKLAPAIKKALKEGEAEEIAKALAE,1280,GGGGGGGGGG--GGGGGGGGGG----GGGGGGGGGG----GGGGGGGGGG------GGGGGGGGGG--GGGGGGGGGG,60.0,0.0,b6ininin_79,-HHHHHHHHHT-HHHHHHHHHTTT--HHHHHHHHTSSS--HHHHHHHHHHTT-TTHHHHHHHHHHHT-HHHHHHHHH-,-2.1234,-60.256578947368425,51.34142114384749,4.817542737789073,Best Experimental Optimised Gaps Masked oxygenMathFix ProteinMPNN OF
l6innni,20.153246753246748,3.8051948051948052,-130.66515858471394,-1.6969501114897914,4.100000000000003,-14.185076481712514,8578.26988,77,2.48,0.64331,0.5439,2.8528123080000887,0.3926637766550027,proteinmpnn,omegafold,27,6,GEEALEALRRGEVEPLVELLRAAGLEEEKAEAIGEALAETESLEEAAEALSEFGDGERVREAWRRGEWEEAARLLRE,11380,GGGGGGGGGG--GGGGGGGGGG-------GGGGGGGGGG---GGGGGGGGGG---GGGGGGGGGG--GGGGGGGGGG,60.0,0.05,l6innni_27,-HHHHHHHHTT-HHHHHHHHHHTT--HHHHHHHHHHHHT--SHHHHHHHHTTSSSHHHHHHHHHTT-HHHHHHHHH-,-2.2503,-44.05563786008232,52.38474295190713,1.8558749457756258,Best Experimental Optimised Gaps Masked oxygenMathFix ProteinMPNN OF
h5i_i,22.043421052631572,3.1184210526315788,-150.06550985574722,-1.9745461823124635,7.900000000000006,0.5710073079988753,8483.664079999999,76,2.22,0.58153,0.45929,2.5730730219524656,0.6158412234691283,proteinmpnn,omegafold,17,5,KAAEWMKKVAKYCKNLDDPELKAAVEAAAKGDKEVAEKLASLKGKGEEVKKWLENPEKDPEKQAENCRLLNEALKS,12660,GGGGGGGGGG----------GGGGGGGGGG--GGGGGGGGGG--GGGGGGGGGG------------GGGGGGGGGG,50.0,0.02,h5i_i_17,-HHHHHHHHHHHSTT---HHHHHHHHHHHTT-HHHHHHHHT--THHHHHHHHHHS----HHHHHHHHHHHHHHHH-,-2.5052,-59.56156156156156,51.59190556492411,10.579251949404298,Best Experimental Optimised Gaps Masked oxygenMathFix ProteinMPNN OF
l4inn,21.109999999999985,3.72,-81.92934504523873,-1.6385869009047747,4.200000000000003,-9.188749869070609,5855.357179999999,50,2.53,0.52139,0.4715,3.87189737415729,0.5149672570372168,proteinmpnn,omegafold,41,4,RELIVEAARTGELEEAREAVERAGLSREEIREILREAGFEEEAEEWVERL,5690,GGGGGGGGGG--GGGGGGGGGG-----GGGGGGGGGG---GGGGGGGGGG,40.0,0.0,l4inn_41,-HHHHHHHHHT-HHHHHHHHHHHT--HHHHHHHHHHTT-HHHHHHHHHH-,-2.6597,-25.700018616914225,49.98540145985402,0.31965561384941643,Best Experimental Optimised Gaps Masked oxygenMathFix ProteinMPNN OF
b3nnn,19.603846153846153,3.576923076923077,-113.69219523668288,-2.186388369936209,4.000000000000003,-7.194053881918293,5531.13028,52,1.16,0.61528,0.47323,1.723531399900794,0.5968283221798226,proteinmpnn,omegafold,56,3,LEEAILAAIKEAGAEGEDLEELLARGRAAIEANQRPDMNEEWIRAAVAAALA,5690,GGGGGGGGGG-----------GGGGGGGGGG-----------GGGGGGGGGG,30.0,0.033,b3nnn_56,-HHHHHHHHHHHT-TTS-HHHHHHHHHHHHHHHT-TT--HHHHHHHHHHHH-,-1.8104,-33.10384267316394,49.16279069767442,0.7109023368456809,Best Experimental Optimised Gaps Masked oxygenMathFix ProteinMPNN OF
b6iiniin,20.087804878048782,3.451219512195122,-135.56273251771927,-1.6532040550941374,4.200000000000003,-6.2008083197639525,8367.49078,82,1.76,0.74529,0.58754,1.953874071853775,0.7748173366660865,proteinmpnn,omegafold,69,6,MQALIEAFKAVETNAELQKVVKDLEAGNYANIAAAFEAAGLSAADAAKLAADLKAGEVAPIVELLAKIDSPEFAPVVEAAKA,1280,GGGGGGGGGG------GGGGGGGGGG--GGGGGGGGGG-------GGGGGGGGGG--GGGGGGGGGG-----GGGGGGGGGG,60.0,0.0,b6iiniin_69,-HHHHHHHHHT--SHHHHHHHHHHHHT-HHHHHHHHHHTT--HHHHHHHHHHHHHT-HHHHHHHHTTS--TTTHHHHHHHH-,-1.1889,-45.7640295460391,53.24489795918368,-0.37543930773411316,Best Experimental Optimised Gaps Masked oxygenMathFix ProteinMPNN OF
b4nnnnx,21.95483870967741,3.0483870967741935,-96.37899429351091,-1.5544999079598534,4.400000000000003,-8.645763792496231,7166.04828,62,1.43,0.67851,0.51809,1.879150640844271,0.6259538411428429,proteinmpnn,omegafold,38,4,DIEEKCNELLEKSKGASLEEKIKLCKEFGNEESIEKCLELLDKYEKGELTEEEKKEACKELA,1280,GGGGGGGGGG---------GGGGGGGGGG--GGGGGGGGGG-----------GGGGGGGGGG,40.0,0.025,b4nnnnx_38,-HHHHHHHHHHHHTT--HHHHHHHHHHHS-GGGHHHHHHHHHHHHHT---HHHHHHHHHHH-,-2.8079,-46.862191358024695,51.52917505030181,4.3989630003483144,Best Experimental Optimised Gaps Masked oxygenMathFix ProteinMPNN OF
b5iinin,21.658730158730148,3.0634920634920637,-130.46369442343712,-2.07085229243551,5.100000000000003,-2.203374980189281,7058.000180000001,63,1.54,0.79613,0.66257,2.002646952570213,0.6658013227633937,proteinmpnn,omegafold,98,5,EEVLEVLKKLGGAEEAYEELKKDDKGAIEKATKKVEGPENKEVAELLKTAKNKEDFEKVLKKA,1280,GGGGGGGGGG--GGGGGGGGGG----GGGGGGGGGG--GGGGGGGGGG-----GGGGGGGGGG,50.0,0.0,b5iinin_98,-HHHHHHHHHT-HHHHHHHHHTT-TTHHHHHHHHH--STTHHHHHHHTT--SHHHHHHHHHH-,-2.7151,-51.86258652094717,51.22020202020202,3.9832603394884303,Best Experimental Optimised Gaps Masked oxygenMathFix ProteinMPNN OF
l5inni,23.116666666666653,2.8846153846153846,-142.48122312128544,-1.8266823477087877,5.200000000000004,-2.3152906984347754,9001.48438,78,1.21,0.80701,0.5659,1.3816423707505403,0.7649820710349167,proteinmpnn,omegafold,22,5,MKEKYAKLLEEVAKETNEVMKEIAEMLKNVDEENPLEDLKKKIMEKFGASEEVAEEFAKALKAGDKEKLKKCVKKILE,1280,GGGGGGGGGG--------GGGGGGGGGG------GGGGGGGGGG--------GGGGGGGGGG------GGGGGGGGGG,50.0,0.0,l5inni_22,-HHHHHHHHHHHHHHH-HHHHHHHHHHHTS-SS-HHHHHHHHHHHHH---HHHHHHHHHHHHHT-HHHHHHHHHHHH-,-2.4968,-59.41694049280397,53.35463258785943,7.921111634720971,Best Experimental Optimised Gaps Masked oxygenMathFix ProteinMPNN OF
b4iiin,21.615384615384606,3.769230769230769,-118.5556072294712,-1.8239324189149417,4.200000000000003,-10.188995628395798,7643.285979999999,65,1.37,0.74595,0.52141,1.7460936591239875,0.4254933956759797,proteinmpnn,omegafold,68,4,ERRERVIERLREYAERFEGTPLAEEIRRVAERLEAGESDLEGLRRVFEAAGDEEWLPLGEEVAEE,6970,GGGGGGGGGG-------------GGGGGGGGGG------GGGGGGGGGG------GGGGGGGGGG,40.0,0.05,b4iiin_68,-HHHHHHHHHHHHHHHTTTSHHHHHHHHHHHHHHTT---HHHHHHHHHHTT--THHHHHHHHHH-,-2.2747,-39.89822595704948,52.43866171003717,4.003743700102196,Best Experimental Optimised Gaps Masked oxygenMathFix ProteinMPNN OF
b6inninn,21.075581395348824,3.2325581395348837,-158.6163166463375,-1.844375774957413,4.800000000000003,-5.198997888223162,9585.86668,86,1.82,0.72938,0.56319,1.9684431414347017,0.6318640803449979,proteinmpnn,omegafold,65,6,YEELKKKLEEVTGNKEGAEELAENLKKGNTEKTKEILREMGLGEEAELIAEALKGESLEEIKKALASLAPKMKSEKEKNVIKAVEE,1280,GGGGGGGGGG-------GGGGGGGGGG--GGGGGGGGGG------GGGGGGGGGG--GGGGGGGGGG---------GGGGGGGGGG,60.0,0.017,b6inninn_65,-HHHHHHHHHHH--HHHHHHHHHHHHHT-HHHHHHHHHHTT-GGGHHHHHHHTSS--HHHHHHHHHHHGGG--SHHHHHHHHHHH-,-2.0303,-60.29033041788144,54.5949177877429,10.795761380861906,Best Experimental Optimised Gaps Masked oxygenMathFix ProteinMPNN OF
l4iin,21.443396226415082,3.2452830188679247,-104.201374232769,-1.9660636647692264,4.600000000000003,-5.31027480355588,6152.848279999999,53,2.04,0.62813,0.53989,2.9887444596464596,0.6654977901088694,proteinmpnn,omegafold,91,4,LEEALKELDGEGEAAELAREAREKCKEDEEFRKELEKKLKGYSKEKAVEVLKE,1280,GGGGGGGGGG--GGGGGGGGGG---------GGGGGGGGGG--GGGGGGGGGG,40.0,0.05,l4iin_91,-HHHHHHH-SSSHHHHHHHHHHHHHHH-HHHHHHHHHHHTT--HHHHHHHHH-,-3.3965,-26.19448634154516,48.181395348837206,12.095972150891697,Best Experimental Optimised Gaps Masked oxygenMathFix ProteinMPNN OF
l6niiin,21.909890109890103,3.241758241758242,-180.896569699049,-1.9878743922972417,4.700000000000003,-5.199824320947069,9991.33148,91,3.04,0.52976,0.42134,3.1904465930013313,0.8090561779324703,proteinmpnn,omegafold,61,6,MEKIFAALKEASKKKSGKAIVEALKKVAAEVDLSPEEKEAVENIETGSDAEKISEIFAKWKEKATDPEAKEILDKVSENLSFEGLVEALIK,5690,GGGGGGGGGG------GGGGGGGGGG----------GGGGGGGGGG---GGGGGGGGGG---------GGGGGGGGGG---GGGGGGGGGG,60.0,0.033,l6niiin_61,-HHHHHHHHHHHHTT-HHHHHHHHHHHHHHTT--HHHHHHHHTTTTTTTHHHHHHHHHHHHHH---HHHHHHHHHHHH--SHHHHHHHHH-,-1.7473,-53.28935330836454,55.72610556348074,13.089676972863595,Best Experimental Optimised Gaps Masked oxygenMathFix ProteinMPNN OF
l5iiin,22.53378378378377,3.2432432432432434,-131.6590837240219,-1.7791768070813772,4.600000000000003,-6.203099454336814,8621.78338,74,1.51,0.73527,0.5561,1.7776261422484172,0.6596305402685362,proteinmpnn,omegafold,83,5,KLEEVAKLLDINNTEEGKKALEALKKKEDYELLKKYVESLPEDLSEKDKELLEKFKEAAKKATTIEELEKLLEE,2560,GGGGGGGGGG-----GGGGGGGGGG----GGGGGGGGGG------------GGGGGGGGGG---GGGGGGGGGG,50.0,0.02,l5iiin_83,-HHHHHHHHTTT--HHHHHHHHHHHTT--HHHHHHHHHHS-S-S-HHHHHHHHHHHHHHHH-SSHHHHHHHHH-,-2.546,-43.73167044595616,52.07603305785124,6.029315763776431,Best Experimental Optimised Gaps Masked oxygenMathFix ProteinMPNN OF
h4i_n,23.037288135593215,3.0,-128.16339939832687,-2.172261006751303,4.700000000000003,-4.42734680794591,6949.88198,59,1.77,0.65002,0.51157,2.404291443567299,0.8499218659679422,proteinmpnn,omegafold,71,4,MKLLEELEKIYKEDKTPKDEKTSRLIEKALKCKEGKDCEELKEAEKLGNFEDALKYAEE,2560,GGGGGGGGGG------------GGGGGGGGGG-----GGGGGGGGGG--GGGGGGGGGG,40.0,0.0,h4i_n_71,-HHHHHHHHHHHH-SS-S-HHHHHHHHHHHHHHTTS--HHHHHHHHH-SHHHHHHHHH-,-2.6733,-32.74380860556564,50.00413223140496,5.384008544447087,Best Experimental Optimised Gaps Masked oxygenMathFix ProteinMPNN OF
h6n_n_n,21.458749999999988,3.35,-135.67350715398788,-1.6959188394248486,4.500000000000004,-7.197979382324428,8760.92178,80,3.41,0.51682,0.44169,3.838239158286676,0.7193653803351551,proteinmpnn,omegafold,74,6,MEEFAKVLLSGSGEEILKGIDEVLKEPNGYEKLEEALKKLGVENAEEIAEALRTGEGFEEIAKALKKAKSGEEIAELLKK,1280,GGGGGGGGGG--GGGGGGGGGG-------GGGGGGGGGG-----GGGGGGGGGG---GGGGGGGGGG---GGGGGGGGGG,60.0,0.05,h6n_n_n_74,-HHHHHHHHHS-HHHHHHHHHHHHTSTTHHHHHHHHHHHTT-TTHHHHHHHHHHTTTHHHHHHHHHH--SHHHHHHHHH-,-2.0696,-45.81681217094344,52.60260586319218,4.9099252585818975,Best Experimental Optimised Gaps Masked oxygenMathFix ProteinMPNN OF
b4iiiiy,22.018518518518515,3.1481481481481484,-105.15654572099449,-1.9473434392776756,5.300000000000004,-1.2014615388750254,6048.99708,54,2.06,0.56721,0.4874,2.977279038298216,0.7610395845702153,proteinmpnn,omegafold,65,4,MEEALKKAEELWEKTKDEKMQTLLEAVKKGGDKELLAKSLKTGEMEEALKAAKA,5690,GGGGGGGGGG---------GGGGGGGGGG---GGGGGGGGGG--GGGGGGGGGG,40.0,0.0,b4iiiiy_65,-HHHHHHHHHHHHHH--HHHHHHHHHHHTT--HHHHHHHHHH--HHHHHHHHH-,-2.5647,-21.347995980797144,48.65714285714286,3.9222356385371238,Best Experimental Optimised Gaps Masked oxygenMathFix ProteinMPNN OF
b4nnnny,22.248979591836726,3.2857142857142856,-75.9587712623179,-1.5501790053534263,4.200000000000003,-8.19816140731439,5683.311279999999,49,1.93,0.57498,0.52252,3.0000385991746525,0.7342860567617746,proteinmpnn,omegafold,73,4,MEEIRKRLEEGGLEYAVEVAKEFGDIEKTVKAAEELGYDPEELRKLLEE,2560,GGGGGGGGGG--GGGGGGGGGG---GGGGGGGGGG----GGGGGGGGGG,40.0,0.0,b4nnnny_73,-HHHHHHHHHH-HHHHHHHHHHH--HHHHHHHHHHTT--HHHHHHHHH-,-2.1946,-9.506134751773049,51.19597989949749,0.8164454286360089,Best Experimental Optimised Gaps Masked oxygenMathFix ProteinMPNN OF
l5niin,20.583333333333332,3.611111111111111,-150.05748963356018,-2.0841318004661136,4.3000000000000025,-6.646470349198936,7563.48748,72,2.46,0.60042,0.47569,2.9434711163713545,0.4797712350887482,proteinmpnn,omegafold,55,5,VDEYCAALRKAGSEEACEALRKVAEGTGDFEEFKALCASIPEDKFDGPLAELKAICASASGDGLAKLRELLA,1280,GGGGGGGGGG---GGGGGGGGGG-------GGGGGGGGGG---------GGGGGGGGGG---GGGGGGGGGG,50.0,0.02,l5niin_55,-HHHHHHHHHTT-HHHHHHHHHHHTT-S-HHHHHHHHHTS-GGG--THHHHHHHHHTS-TTHHHHHHHHHH-,-1.7238,-50.84018396090831,52.24288425047438,-0.25259880130443046,Best Experimental Optimised Gaps Masked oxygenMathFix ProteinMPNN OF
b5innnn,21.224285714285706,3.2142857142857144,-141.38830618560314,-2.0198329455086164,4.500000000000004,-7.201232763661997,7737.69248,70,2.52,0.65639,0.51612,3.0669525675461347,0.684742296223399,proteinmpnn,omegafold,30,5,KVEELAKAMKGVSTEELLEVLKEAGVPEEDAEKLYELAKKGGEEDFKKAAKELKEEGVESLKPVYEAAEK,2560,GGGGGGGGGG----GGGGGGGGGG------GGGGGGGGGG--GGGGGGGGGG--------GGGGGGGGGG,50.0,0.0,b5innnn_30,-HHHHHHHHHH--HHHHHHHHHHTT--HHHHHHHHHHHTT--HHHHHHHHHHHHHTT--TTHHHHHHHH-,-2.3841,-35.206744734931,52.15867158671587,13.941698574099675,Best Experimental Optimised Gaps Masked oxygenMathFix ProteinMPNN OF
b3iii,23.754901960784295,2.843137254901961,-83.71265663206577,-1.641424639844427,6.700000000000005,-0.2031676080533249,6021.025280000001,51,1.25,0.60283,0.47283,1.8844380476862808,0.7942377058956775,proteinmpnn,omegafold,85,3,MEEKAKEIVELYKAGKLTEEQKKIAKEILEIEKKEKKFSEELAKKVEEVVK,1280,GGGGGGGGGG----------GGGGGGGGGG-----------GGGGGGGGGG,30.0,0.0,b3iii_85,-HHHHHHHHHHHHTT---HHHHHHHHHHHHHHHHH--S-HHHHHHHHHHH-,-2.6268,-22.70383673469388,50.3040380047506,4.587902518249612,Best Experimental Optimised Gaps Masked oxygenMathFix ProteinMPNN OF
h6i_i_i,20.93163265306122,3.6122448979591835,-228.1071342304349,-2.3276238186779072,4.900000000000004,-5.322039675120614,10628.069480000002,98,1.9,0.71479,0.49699,1.9193884212515906,0.746713090272865,proteinmpnn,omegafold,30,6,MEELRAHMAECLEIARERGNERAARVCEAILNANTAEHEKMAAALETGEDMDGLAAILSKAGGITPELFRALMAELLAELEARGRAKDFRAYAARIAA,1280,GGGGGGGGGG------------GGGGGGGGGG-----GGGGGGGGGG---GGGGGGGGGG-----GGGGGGGGGG-------------GGGGGGGGGG,60.0,0.017,h6i_i_i_30,-HHHHHHHHHHHHHHHHHT-HHHHHHHHHHHHS-HHHHHHHHHHHHHS--HHHHHHHHHTTT---HHHHHHHHHHHHHHHHHTT--SHHHHHHHHHH-,-1.6701,-51.70475637435832,51.81326116373478,8.014350037148002,Best Experimental Optimised Gaps Masked oxygenMathFix ProteinMPNN OF
h5n_n,22.080769230769217,3.2051282051282053,-167.03766736388206,-2.141508555947206,4.700000000000003,-5.199088630873005,8853.088880000001,78,1.68,0.72241,0.52242,1.9183133742652132,0.8020653095880569,proteinmpnn,omegafold,96,5,MELFKKAIKRAKELGVKNAEDLKAELEKYGAFEEAVAALKAEVDKEGEKSKEERIEIATKLVTEEEDELTRKIVAEML,1280,GGGGGGGGGG--------GGGGGGGGGG--GGGGGGGGGG-------------GGGGGGGGGG-----GGGGGGGGGG,50.0,0.0,h5n_n_96,-HHHHHHHHHHHHHT--SHHHHHHHHHHTT-HHHHHHHHHHHHHHT-S--HHHHHHHHHHHH-SS--HHHHHHHHHH-,-2.2284,-31.527258110528017,51.60904684975768,9.785029282116444,Best Experimental Optimised Gaps Masked oxygenMathFix ProteinMPNN OF
s6,21.920930232558135,3.3488372093023258,-178.2887960076332,-2.0731255349724793,8.900000000000007,2.5691900748083105,9232.54908,86,2.36,0.6507,0.5108,2.552486710871371,0.6611924051456561,proteinmpnn,omegafold,1,6,GKEFCEALKNKNSEKLKPYAEALKNGDPELLAKFVAALKAGTCPEFSAELAGAKKGKVSEKGKEYAEVFKEKSGISREELVAKIAA,2560,GGGGGGGGGG-----GGGGGGGGGG-----GGGGGGGGGG--GGGGGGGGGG---------GGGGGGGGGG-----GGGGGGGGGG,60.0,0.05,s6_1,-HHHHHHHHTT-HHHHHHHHHHHHTT-HHHHHHHHHHHHHTSSHHHHHHHHHHHTT---HHHHHHHHHHHHHH---HHHHHHHHH-,-2.0781,-48.10797914207004,53.21604938271605,9.398211940810825,Best Experimental Optimised Gaps Masked oxygenMathFix ProteinMPNN OF
b4iiiix,21.8686567164179,3.5223880597014925,-132.60324546694756,-1.9791529174171276,4.3000000000000025,-6.199243832777351,7358.458179999999,67,1.02,0.79931,0.53459,1.2753806745054768,0.596244427425346,proteinmpnn,omegafold,9,4,DILKKAAELWASSDDELMKKVVDAVLAGDLSSLKPEELEAAKKKALELAPEFPEEDRPIVIEAVKLI,5690,GGGGGGGGGG-----GGGGGGGGGG----------GGGGGGGGGG------------GGGGGGGGGG,40.0,0.0,b4iiiix_9,-HHHHHHHHHTTS--HHHHHHHHHHHHT-GGGS-HHHHHHHHHHHHHHGGGS-TTTHHHHHHHHHH-,-1.5172,-21.514256198347105,52.79457364341085,-0.2387254128291427,Best Experimental Optimised Gaps Masked oxygenMathFix ProteinMPNN OF
b4innn,21.106249999999996,3.6875,-103.50640857219696,-2.15638351192077,4.800000000000003,-2.8714788852779605,5174.98808,48,1.85,0.60846,0.56064,2.9225196789615193,0.4016504375315584,proteinmpnn,omegafold,95,4,SRLEEICSKLSGPTAAKVCEECKGLSLDECCELGLKYGLPEACELARK,1280,GGGGGGGGGG--GGGGGGGGGG----GGGGGGGGGG--GGGGGGGGGG,40.0,0.025,b4innn_95,-HHHHHHHH--SHHHHHHHHHHTTS-HHHHHHHHHHHT-HHHHHHHH-,-1.7011,-29.62298781405145,49.1887323943662,3.090489584192015,Best Experimental Optimised Gaps Masked oxygenMathFix ProteinMPNN OF
b5iiiin,21.588235294117652,3.4705882352941178,-165.93233680725098,-2.440181423636044,5.100000000000003,-1.6509761285633835,7247.28468,68,2.59,0.56872,0.47629,3.208746583927166,0.4030156896823748,proteinmpnn,omegafold,11,5,EREKGIEYLKTLSSPVSDKCTEDFAAGKPNLKACLAALKTSGAEMKAIADKCETLGANGWDECLKLAL,6970,GGGGGGGGGG-----GGGGGGGGGG-----GGGGGGGGGG---GGGGGGGGGG-----GGGGGGGGGG,50.0,0.04,b5iiiin_11,-HHHHHHHHHHT--HHHHHHHHHHHTT---HHHHHHHHHHH-HHHHHHHHHHHHH-STTHHHHHHHT-,-1.6548,-51.10091813658977,52.29423459244533,21.249119132521354,Best Experimental Optimised Gaps Masked oxygenMathFix ProteinMPNN OF
