Well Position,Name,Sequence,orientation_code,atp_cost_per_aa,dna_complexity_per_aa,pll,pll_per_aa,isoelectric_point,charge,sequence_charge,mass,sequence_length,mean_plddt,mean_pae,ptm,tm_rmsd,tm_score_assembly,tm_score_design,tm_rmsd100,dp_finder_total_cost_norm,predicted_usability,combined_score,path_score_version,residues_per_helix,deltahedron_edge_length,diffuse_termini,avoid_amino_acids,increase_amino_acid_likelihood,energy_minimization,algorithms_sequence_prediction,algorithms_structure_prediction,rf_file_num,rib_num,aa_count_per_gap,model_sequence,sequence_molar_extinction_280,sequence_molecular_weight,backbone_loop_mask_string,aligned_length,seq_id,sequence_name,dssp_assignment,aggrescan3d_avg_value,hydrophobic_fitness,packing_density,rosetta_total_per_aa,name,model_sequence_w_prefix,mass_w_prefix,sequence_molar_extinction_280_w_prefix,received_from_idt,transformation_attempted,transformation_successful,expression_levels,large_scale_expressed,A280_after_NI_NTA_IMAC,molar_conc_after_NI_NTA_IMAC,mg_per_ml_after_NI_NTA_IMAC,volume_after_sec,A280_after_SEC,molar_conc_after_SEC,mg_per_ml_after_SEC,mg_after_SEC,cd_sample_A280,cd_sample_molar_conc,cd_path_length_mm
A1,no_disulfide_b3iii,ATGGGCAGCAGCCATCATCATCATCATCACAGCAGCGGCGAGAACTTATACTTTCAGAGCGGATCCAAAAAGGAGGAAATTCGCCGTTATCTCCGCGAGGTTCGCCGCCGCTTGGAAGCGGGCGAACCTCTCAGCGAGGAACAGCTCCGGGCTATCGAAGAGGCGCGTGAATGGCTTGAGGAAAATCGTGAGGAGTATCCTGAGGAATATGAAATTGTCGAGGAAGCCCTGAAGTCATTGTAACTCGAG,b3iii,23.098275862068952,3.586206896551724,-98.79840552806854,-1.703420784966699,4.500000000000004,-7.195539447570412,-7.195539447570412,7218.91718,58,85.56793103448275,4.153379904875149,0.6,1.05,0.53697,0.36119,1.4430283892900602,0.9111459814330104,0.5666605801988717,0.6796610315127367,3.0,8.0,12.0,True,X,WY,oxygenMathFix,solublempnn,alphafold2,2,3,13.0,KKEEIRRYLREVRRRLEAGEPLSEEQLRAIEEAREWLEENREEYPEEYEIVEEALKSL,9530,7218.91718,----GGGGGGGG-------------GGGGGGGG-------------GGGGGGGG----,24.0,0.0,b3iii_gap_13_2,-HHHHHHHHHHHHHHHHHT----HHHHHHHHHHHHHHHHTTTT-HHHHHHHHHHHHT-,-2.8968,-24.30169172932331,49.80708661417323,2.483311239099455,no_disulfide_b3iii,MGSSHHHHHHSSGENLYFQSGSKKEEIRRYLREVRRRLEAGEPLSEEQLRAIEEAREWLEENREEYPEEYEIVEEALKSL,9661.417379999995,10810,True,True,True,low,True,,,,,,,,,,,1
A2,no_disulfide_b3nnn,ATGGGCAGCAGCCATCATCATCATCATCACAGCAGCGGCGAGAACTTATACTTTCAGAGCGGATCCTCGGACGAGGAGTTATTAGCTGCCGCGCGTGCCTGGTATGCAGAACGGGGGCTGGGGCCAGTTCCTGAAGCAGAATTGCGGGCAGATGCTGAGCGTGTAGCACGCGACATCGCGGGCGCCGCTGATCGGGAAGCCGCATTGCGTGCAGGTTTTGATCGGTGGTTGGCCGCCCGGTAACTCGAG,b3nnn,20.820689655172416,3.948275862068965,-97.30404338240623,-1.6776559203863144,4.500000000000004,-3.196934943707745,-3.196934943707745,6293.8911800000005,58,87.43758620689654,3.5512514863258025,0.68,1.05,0.43163,0.35642,1.4430283892900602,0.9129022069693484,0.6051738997404068,0.683108061689291,3.0,8.0,12.0,True,X,WY,oxygenMathFix,solublempnn,alphafold2,7,3,13.0,SDEELLAAARAWYAERGLGPVPEAELRADAERVARDIAGAADREAALRAGFDRWLAAR,12660,6293.8911800000005,----GGGGGGGG-------------GGGGGGGG-------------GGGGGGGG----,24.0,0.042,b3nnn_gap_13_7,-HHHHHHHHHHHHHHHT-----HHHHHHHHHHHHHHTTT-S-HHHHHHHHHHHHHHH-,-1.7873,-19.99323753169908,49.13063063063064,6.633975321492128,no_disulfide_b3nnn,MGSSHHHHHHSSGENLYFQSGSSDEELLAAARAWYAERGLGPVPEAELRADAERVARDIAGAADREAALRAGFDRWLAAR,8736.391380000001,13940,True,True,True,,False,,,,,,,,,,,1
A3,no_disulfide_b4iiiix,ATGGGCAGCAGCCATCATCATCATCATCACAGCAGCGGCGAGAACTTATACTTTCAGAGCGGATCCGGTGAGTGGGTTGAGCGGTACCGCGAGTTGTTGGAGTATGCAGTAGAATACCTTGGCGAGCCGCGCTACGAAGAGCTTCGTGAGACTTGTATCCGGTTGGGTGGCATCGACCCAAGTCTGTCTGAAGAGGAACTCCGCGAGCGCATCCGTGAATTATTGGAGCGCTCTATTCCGCGTGTAGCGGCGGGTGAAGAACCAGAACTCCGCGCGGTATTAGAACGCTTGCTTGCGGAACGCTAACTCGAG,b4iiiix,22.80886075949365,3.987341772151898,-168.60711646080017,-2.134267296972154,4.400000000000003,-8.306272252195294,-8.306272252195294,9399.488980000002,79,85.2953164556962,4.178288735779522,0.71,1.02,0.7512,0.37117,1.1562805780290497,0.9350272539804572,0.5913578119659029,0.6630411532309168,3.0,8.0,12.0,True,X,WY,oxygenMathFix,solublempnn,alphafold2,0,4,13.0,GEWVERYRELLEYAVEYLGEPRYEELRETCIRLGGIDPSLSEEELRERIRELLERSIPRVAAGEEPELRAVLERLLAER,10810,9399.488980000002,----GGGGGGGG-------------GGGGGGGG-------------GGGGGGGG-------------GGGGGGGG----,32.0,0.0,b4iiiix_gap_13_0,-HHHHHHHHHHHHHHHTTTSGGGHHHHHHHHHHHT--TTS-HHHHHHHHHHHHHHHHHHHHTTS-HHHHHHHHHHHHH-,-1.9354,-27.670283077690485,53.06807866868381,5.941158540359646,no_disulfide_b4iiiix,MGSSHHHHHHSSGENLYFQSGSGEWVERYRELLEYAVEYLGEPRYEELRETCIRLGGIDPSLSEEELRERIRELLERSIPRVAAGEEPELRAVLERLLAER,11841.98918,12090,True,True,True,low,False,,,,,,,,,,,1
A4,no_disulfide_b4iiiiy,ATGGGCAGCAGCCATCATCATCATCATCACAGCAGCGGCGAGAACTTATACTTTCAGAGCGGATCCAGCCTGGAAGAATTTAAGGAATATGTGAAAAAGCAGACCGACTTGGATAGTCCTCTTTTGCCGTGGATTCAGAAATGGTGCGAAGATCCGTCCGACGAGGAGTACACGGCGGAATTGCGCGAGAAGCTCGCAAAGGCCGACGATAGCTATCCTGAGTTGACCGCGTGGGCGCGCAAGTATTGCGACTCATAACTCGAG,b4iiiiy,24.62222222222222,3.2698412698412698,-155.30533945560455,-2.4651641183429294,4.100000000000003,-7.42989697299788,-7.42989697299788,7503.211979999999,63,87.2536507936508,3.91896447467876,0.71,0.95,0.74431,0.45762,1.2353990941179884,0.9678386280037742,0.7876265686276237,0.6612948053112083,3.0,8.0,12.0,True,X,WY,oxygenMathFix,solublempnn,alphafold2,7,4,9.0,SLEEFKEYVKKQTDLDSPLLPWIQKWCEDPSDEEYTAELREKLAKADDSYPELTAWARKYCDS,22190,7503.211979999999,--GGGGGGGG---------GGGGGGGG---------GGGGGGGG---------GGGGGGGG--,32.0,0.0,b4iiiiy_gap_9_7,-HHHHHHHHHH-TT---TTHHHHHHHHH-TT-HHHHHHHHHHHHHS-TTSHHHHHHHHHHH--,-2.0334,-27.856500613051185,52.92045454545455,6.723105309995505,no_disulfide_b4iiiiy,MGSSHHHHHHSSGENLYFQSGSSLEEFKEYVKKQTDLDSPLLPWIQKWCEDPSDEEYTAELREKLAKADDSYPELTAWARKYCDS,9945.71218,23470,True,True,True,,False,,,,,,,,,,,1
A5,no_disulfide_b4iiin,ATGGGCAGCAGCCATCATCATCATCATCACAGCAGCGGCGAGAACTTATACTTTCAGAGCGGATCCTCACGGTATGCCGAGGCTTTGGAGCTGATCCGGGCCAAACTCCCGGATACGCCGGAAGGGCGGGAACTCCTCGCGGCCTTGGAGGCAGGCACATTCGATCCAGAGTGGGCCATCGCATGGTTACGGGAGGCAGGTTTCTCTGAGGAAGAATTGGCGTATCTGGTGGGGGTGCTCGAAGAGGCAGCAGGTTAACTCGAG,b4iiin,22.315873015873013,3.7777777777777777,-116.43089766055346,-1.848109486675452,3.9000000000000026,-9.196621570356324,-9.196621570356324,6905.640079999998,63,89.29873015873017,3.126344167296548,0.7,0.97,0.71746,0.45252,1.2614074960994195,0.9547294287975456,0.6952073936080666,0.6902756720011137,3.0,8.0,12.0,True,X,WY,oxygenMathFix,solublempnn,alphafold2,0,4,9.0,SRYAEALELIRAKLPDTPEGRELLAALEAGTFDPEWAIAWLREAGFSEEELAYLVGVLEEAAG,13940,6905.640079999998,--GGGGGGGG---------GGGGGGGG---------GGGGGGGG---------GGGGGGGG--,32.0,0.062,b4iiin_gap_9_0,-HHHHHHHHHHHHS-SSHHHHHHHHHHHHT---HHHHHHHHHHTT--HHHHHHHHHHHHHHH-,-1.5753,-29.74180327868853,51.50819672131148,0.9724410726037572,no_disulfide_b4iiin,MGSSHHHHHHSSGENLYFQSGSSRYAEALELIRAKLPDTPEGRELLAALEAGTFDPEWAIAWLREAGFSEEELAYLVGVLEEAAG,9348.14028,15220,True,True,True,high,False,,,,,,,,,,,1
A6,no_disulfide_b4inin,ATGGGCAGCAGCCATCATCATCATCATCACAGCAGCGGCGAGAACTTATACTTTCAGAGCGGATCCTCTCTGGAGGAACTGATCGAAAAAATTGAAAAATTTAACAACCTCGAAAATCCTACCGAGGAAGAGCTGGAGGAGCTCATTGAGCTCTTAAAAGAATGGTGTGAGGAACTTGGTGTAGAAGAAGAGAAGAAAGAGGAGCTGTTAGAACTGCTCTACGAGTGGTATAATAGCGAAGAAAATCGCGAAGAGAAGACAAAGGAGCTCATCGAAAAGCTCAAGGAAGTTTACGAGGAGGCGTAACTCGAG,b4inin,23.67468354430377,3.0632911392405062,-127.33502769470216,-1.6118357936038248,4.000000000000003,-20.303951348976494,-20.303951348976494,9720.646979999998,79,91.40113924050632,3.190729049831757,0.75,0.59,0.85643,0.39168,0.6688289618011168,0.962539643081924,0.7874912225934075,0.7086478542428273,3.0,8.0,12.0,True,X,WY,oxygenMathFix,solublempnn,alphafold2,6,4,13.0,SLEELIEKIEKFNNLENPTEEELEELIELLKEWCEELGVEEEKKEELLELLYEWYNSEENREEKTKELIEKLKEVYEEA,15220,9720.646979999998,----GGGGGGGG-------------GGGGGGGG-------------GGGGGGGG-------------GGGGGGGG----,32.0,0.0,b4inin_gap_13_6,-HHHHHHHHHHHHTSSS--HHHHHHHHHHHHHHHHHHT--HHHHHHHHHHHHHHHH-STTHHHHHHHHHHHHHHHHHH-,-2.4303,-41.131170612652085,54.47144948755491,3.939049437933238,no_disulfide_b4inin,MGSSHHHHHHSSGENLYFQSGSSLEELIEKIEKFNNLENPTEEELEELIELLKEWCEELGVEEEKKEELLELLYEWYNSEENREEKTKELIEKLKEVYEEA,12163.147179999998,16500,True,True,True,low,False,,,,,,,,,,,1
A7,no_disulfide_b4innn,ATGGGCAGCAGCCATCATCATCATCATCACAGCAGCGGCGAGAACTTATACTTTCAGAGCGGATCCCCTCTTGATCCAGAGGCCGTTCGCGCTTGGTTACGCCGTGCTTTGGCAGAACTCCAGGCCGAAGGTCTTGCAACACCTGCACTCGTGGCTGCAGTAGAAGCCCACGCAGACGAGATCGCCGGTGCGGACGCTGAAGGGGCCGCGGCGCTGCTCCGCCGTCTGTGTGCAGAGGTCGGTGCTTCACCAGAACTTACAGAGCGGCTGCTGGCTCTTTGGGAGGAGTTCGTAGCATCACAGTAACTCGAG,b4innn,20.31139240506329,3.962025316455696,-143.26736852526665,-1.813510993990717,4.100000000000003,-8.256533563416193,-8.256533563416193,8302.30618,79,91.91088607594936,2.788187790418202,0.79,1.34,0.62928,0.35019,1.519035269175418,0.9149061551425276,0.6753811263108049,0.705306462213109,3.0,8.0,12.0,True,X,WY,oxygenMathFix,solublempnn,alphafold2,8,4,13.0,PLDPEAVRAWLRRALAELQAEGLATPALVAAVEAHADEIAGADAEGAAALLRRLCAEVGASPELTERLLALWEEFVASQ,11380,8302.30618,----GGGGGGGG-------------GGGGGGGG-------------GGGGGGGG-------------GGGGGGGG----,32.0,0.0,b4innn_gap_13_8,---HHHHHHHHHHHHHHHHHTT---HHHHHHHHHTHHHHHHS-HHHHHHHHHHHHHHTT--HHHHHHHHHHHHHHHHH-,-1.4508,-39.57498833869346,52.352739726027394,1.0860302378110775,no_disulfide_b4innn,MGSSHHHHHHSSGENLYFQSGSPLDPEAVRAWLRRALAELQAEGLATPALVAAVEAHADEIAGADAEGAAALLRRLCAEVGASPELTERLLALWEEFVASQ,10744.80638,12660,True,True,True,medium,False,,,,,,,,,,,1
A8,no_disulfide_b4nnnnx,ATGGGCAGCAGCCATCATCATCATCATCACAGCAGCGGCGAGAACTTATACTTTCAGAGCGGATCCTGGGAGGAGTTGGAGGAGGCTGTCCGTTGGCTCCGGGAGCGCCTTCCAGACCTGACCGAAGAGCAGCACATCGAGTATATTCGGCGGTATGCTGAGGAAGGGCCGGATGATTTATCGCCTGAAGTCCGTGAGGCTCTGGAAGAGCTTCGGCCTTTGATTGAACGCTATGGCGAAGAAGAAGTCATCGAGGCCCTGCGGCGGTATTATCGGGAATAACTCGAG,b4nnnnx,24.2845070422535,3.6056338028169015,-129.2967046201229,-1.8210803467622945,4.200000000000003,-12.148348822768943,-12.148348822768943,8860.65328,71,90.07323943661972,3.399583415988892,0.72,0.73,0.79779,0.42538,0.8808394954676125,0.9406394346566672,0.7455867623913031,0.6948553745730988,3.0,8.0,12.0,True,X,WY,oxygenMathFix,solublempnn,alphafold2,4,4,11.0,WEELEEAVRWLRERLPDLTEEQHIEYIRRYAEEGPDDLSPEVREALEELRPLIERYGEEEVIEALRRYYRE,17780,8860.65328,---GGGGGGGG-----------GGGGGGGG-----------GGGGGGGG-----------GGGGGGGG---,32.0,0.0,b4nnnnx_gap_11_4,-HHHHHHHHHHHHH-TT--HHHHHHHHHHHHHH-GGGS-HHHHHHHHHHHHHHHHH-HHHHHHHHHHHHH-,-2.129,-24.65044910706948,53.34504792332268,1.3340666784840725,no_disulfide_b4nnnnx,MGSSHHHHHHSSGENLYFQSGSWEELEEAVRWLRERLPDLTEEQHIEYIRRYAEEGPDDLSPEVREALEELRPLIERYGEEEVIEALRRYYRE,11303.15348,19060,True,True,True,low,False,,,,,,,,,,,1
A9,no_disulfide_b4nnnny,ATGGGCAGCAGCCATCATCATCATCATCACAGCAGCGGCGAGAACTTATACTTTCAGAGCGGATCCATGAGCCGGGAGGAAAAAATTAAACTTCTGAAGGAGAAGGGCTATAATCTTTCGCGCGAGGAACTCATTAAACTCATTCTGGAAGAATATGGCTACGATACCGAAGAGACTAAGGAGTTGCGGGAAAAGGCGTACGAGGAATTGAAGAAACTGGATTGGAATCTCTCCCGGGAGGAGCTGATCGAGCAAATGGTAGAAGTCATCGACAGTTTATAACTCGAG,b4nnnny,24.277464788732377,3.352112676056338,-120.19520244933663,-1.6928901753427694,4.500000000000004,-7.2028152164754085,-7.2028152164754085,8651.77758,71,89.28774647887325,3.763205713152152,0.69,0.99,0.72932,0.40897,1.194563151387584,0.9771245800684668,0.7687175045122657,0.6944355916032349,3.0,8.0,12.0,True,X,WY,oxygenMathFix,solublempnn,alphafold2,19,4,11.0,MSREEKIKLLKEKGYNLSREELIKLILEEYGYDTEETKELREKAYEELKKLDWNLSREELIEQMVEVIDSL,10810,8651.77758,---GGGGGGGG-----------GGGGGGGG-----------GGGGGGGG-----------GGGGGGGG---,32.0,0.0,b4nnnny_gap_11_19,--HHHHHHHHHHHHTTS-HHHHHHHHHHHTT--SGGGHHHHHHHHHHHHTS-TTS-HHHHHHHHHHHHHH-,-2.2877,-25.448276918176585,53.18481848184818,4.387999703335175,no_disulfide_b4nnnny,MGSSHHHHHHSSGENLYFQSGSMSREEKIKLLKEKGYNLSREELIKLILEEYGYDTEETKELREKAYEELKKLDWNLSREELIEQMVEVIDSL,11094.27778,12090,True,True,True,super_high,True,6.2,0.0005128205128205128,5.689373220512821,5.1,2.18,0.00018031430934656743,2.0004570355996694,10.202330881558312,0.168,1.3895781637717123e-05,1
A10,no_disulfide_b5iiiin,ATGGGCAGCAGCCATCATCATCATCATCACAGCAGCGGCGAGAACTTATACTTTCAGAGCGGATCCATGGACCTCGACAAGGGTTTGGAAGAGCTTATTGAACGTATTAAAAAAGGCGAGGCGCTCGAAGAACTGAAGAAATTCGGGAAGGAAGCGAAAAACCTCCCTAAGGAGGTGAAGGAAATCCTTGAGAAGTTGGAAAAAGGCGAAGCGACAATCGAGGAGGTAGTCGAGATGTGGGAAAAGCTCAAGAAAAACTACAAGGAGTGGGGGATCGAGGAACAATTGGAGAAATTACTCAAGTCCTAACTCGAG,b5iiiin,24.274999999999984,3.0375,-136.4906142205,-1.70613267775625,4.900000000000004,-4.200797946586396,-4.200797946586396,9471.93758,80,88.10325,4.0465265625,0.69,0.97,0.7962,0.45912,1.0918158309495822,0.9487159348500872,0.7677172144509349,0.6879140407437657,3.0,8.0,12.0,True,X,WY,oxygenMathFix,solublempnn,alphafold2,15,5,9.0,MDLDKGLEELIERIKKGEALEELKKFGKEAKNLPKEVKEILEKLEKGEATIEEVVEMWEKLKKNYKEWGIEEQLEKLLKS,12660,9471.93758,--GGGGGGGG---------GGGGGGGG---------GGGGGGGG---------GGGGGGGG---------GGGGGGGG--,40.0,0.05,b5iiiin_gap_9_15,--HHHHHHHHHHHHHTTSSHHHHHHHHHH-SS--HHHHHHHHHHHTT-S-HHHHHHHHHHHHHHHHHHT-HHHHHHHHH-,-2.3249,-49.48888107872455,53.71686746987952,7.510147827320033,no_disulfide_b5iiiin,MGSSHHHHHHSSGENLYFQSGSMDLDKGLEELIERIKKGEALEELKKFGKEAKNLPKEVKEILEKLEKGEATIEEVVEMWEKLKKNYKEWGIEEQLEKLLKS,11914.43778,13940,True,True,True,medium,False,,,,,,,,,,,1
A11,no_disulfide_b5iinin,ATGGGCAGCAGCCATCATCATCATCATCACAGCAGCGGCGAGAACTTATACTTTCAGAGCGGATCCAGCCGGGAAGAGTTATTGGAACTCGCGAAGAAACTGCTTGAAGCGATCAAATCTGAGGAATTGAAAGAAGAATGGAAGGAGCTGCTTGAAGAAATCCTTGAAAACGGTTTGAATGAGGAACTGCTGAAGCGGTGGGAGGAGTGGCTGGAGAAGCTGGAGAAGGAGGGGCTCTCGGAGGAGGAGAAGGAGCGCTTAATTGAAGCACTGCGTGAACTGCAAGAATGGTGGAAAGATCCATCAAAGCGTGAAGAACTGCGCGAACTGTTGGAAGAGATCCTGTCGCTCATTTAACTCGAG,b5iinin,24.25,3.5416666666666665,-151.6631924510002,-1.5798249213645856,4.3000000000000025,-15.186799580468278,-15.186799580468278,11798.28088,96,89.48541666666665,3.621901041666667,0.74,0.89,0.81853,0.39284,0.9085442951183657,0.9670859153143448,0.627793303713327,0.6900569488083677,3.0,8.0,12.0,True,X,WY,oxygenMathFix,solublempnn,alphafold2,19,5,12.0,SREELLELAKKLLEAIKSEELKEEWKELLEEILENGLNEELLKRWEEWLEKLEKEGLSEEEKERLIEALRELQEWWKDPSKREELRELLEEILSLI,28450,11798.28088,----GGGGGGGG------------GGGGGGGG------------GGGGGGGG------------GGGGGGGG------------GGGGGGGG----,40.0,0.0,b5iinin_gap_12_19,-HHHHHHHHHHHHHH---HHHHHHHHHHHHHHHHH-S-HHHHHHHHHHHHHHHTTT--HHHHHHHHHHHHHHHHHHH-HHHHHHHHHHHHHHHHH-,-2.3183,-43.86921058287239,54.61371841155235,2.064085792755398,no_disulfide_b5iinin,MGSSHHHHHHSSGENLYFQSGSSREELLELAKKLLEAIKSEELKEEWKELLEEILENGLNEELLKRWEEWLEKLEKEGLSEEEKERLIEALRELQEWWKDPSKREELRELLEEILSLI,14240.78108,29730,True,True,True,high,False,,,,,,,,,,,1
A12,no_disulfide_b5ininn,ATGGGCAGCAGCCATCATCATCATCATCACAGCAGCGGCGAGAACTTATACTTTCAGAGCGGATCCATCAAGGAGCTCGTCTACAAAACGATTGAAAAACTGCTGGAGAATATCGATAAGAAAGAGACTGCAGAGAAGTGGAAGGAATATATTAAGTGGCTTGAAGAGAAAGGCTTGTCCAAGGAAATTCGTGACGAGTGGATTAAGTTAATCGAGGAAATGGAAAAAGGGATGGACAAGGAAGAGGCAAAGAAACGGGCCTATGAGTTGGCCGACAAGGCCCTCGAAGATCTGCTTAAGAAGCATTCCAAGGAGGAAGTTGAGGAACTTATTCGCGAAGTTGAGTCAAAATTGTAACTCGAG,b5ininn,25.08437500000001,3.03125,-183.494775429368,-1.9114039107225835,5.000000000000004,-5.156636998526532,-5.156636998526532,11650.33818,96,90.5996875,3.3122753906249995,0.77,0.82,0.85373,0.3968,0.8370857550528761,0.9822967234905384,0.800557297498318,0.6694850915618492,3.0,8.0,12.0,True,X,WY,oxygenMathFix,solublempnn,alphafold2,4,5,12.0,IKELVYKTIEKLLENIDKKETAEKWKEYIKWLEEKGLSKEIRDEWIKLIEEMEKGMDKEEAKKRAYELADKALEDLLKKHSKEEVEELIREVESKL,20910,11650.33818,----GGGGGGGG------------GGGGGGGG------------GGGGGGGG------------GGGGGGGG------------GGGGGGGG----,40.0,0.0,b5ininn_gap_12_4,-HHHHHHHHHHHHHTTTSHHHHHHHHHHHHHHHHTT--HHHHHHHHHHHHHHHTT--HHHHHHHHHHHHHHHHHHHHHHS-HHHHHHHHHHHHHH-,-2.3052,-30.173145741010263,55.603911980440095,1.086919692868075,no_disulfide_b5ininn,MGSSHHHHHHSSGENLYFQSGSIKELVYKTIEKLLENIDKKETAEKWKEYIKWLEEKGLSKEIRDEWIKLIEEMEKGMDKEEAKKRAYELADKALEDLLKKHSKEEVEELIREVESKL,14092.838379999996,22190,True,True,True,super_high,True,13.41,0.0006043262730959892,8.516672495529514,5.1,4.93,0.00022217214961694457,3.1310361970887777,15.968284605152766,0.395,1.78008111762055e-05,1
B1,no_disulfide_b5innnn,ATGGGCAGCAGCCATCATCATCATCATCACAGCAGCGGCGAGAACTTATACTTTCAGAGCGGATCCTCTGCTGAACTGCGGGCGCTTGCTGAAGAGCTTCTTGCTCGCCTCGCTGATCTCCCGCCAGAGGACCTCGCGGCTTTAGTCGAATATCTCTACGCCCGGGAAGGCTGCGGCAGTCGGGAAGCAGTGCACGCCGCCATCCGTGAAGCTGCTGCTGCTGGGTTGGACCGGGATGTGGAAGCAGTCCTCGCAGCCTGGGATGAAGTTTATTCGCGTCTGGGGCCGGACGCAGAAGCGCAAATGCGGGAATTGTTGGCACTTCTCGCCTCACGTTAACTCGAG,b5innnn,20.45444444444444,4.033333333333333,-190.4109532237053,-2.11567725804117,4.200000000000003,-9.261291549710702,-9.261291549710702,9689.82478,90,88.61711111111111,3.726748148148148,0.77,0.72,0.87335,0.42596,0.7600390532872134,0.982825706381792,0.6668842547391214,0.6847192584377985,3.0,8.0,12.0,True,X,WY,oxygenMathFix,solublempnn,alphafold2,2,5,11.0,SAELRALAEELLARLADLPPEDLAALVEYLYAREGCGSREAVHAAIREAAAAGLDRDVEAVLAAWDEVYSRLGPDAEAQMRELLALLASR,9530,9689.82478,---GGGGGGGG-----------GGGGGGGG-----------GGGGGGGG-----------GGGGGGGG-----------GGGGGGGG---,40.0,0.0,b5innnn_gap_11_2,-HHHHHHHHHHHHHTTTS-HHHHHHHHHHHHHSTTTTSHHHHHHHHHHHHHTT----HHHHHHHHHHHHHHS-TTHHHHHHHHHHHHHT-,-1.2596,-42.669744318181806,52.35588235294118,7.3518032176570465,no_disulfide_b5innnn,MGSSHHHHHHSSGENLYFQSGSSAELRALAEELLARLADLPPEDLAALVEYLYAREGCGSREAVHAAIREAAAAGLDRDVEAVLAAWDEVYSRLGPDAEAQMRELLALLASR,12132.32498,10810,True,True,True,low,False,,,,,,,,,,,1
B2,no_disulfide_b6iiniin,ATGGGCAGCAGCCATCATCATCATCATCACAGCAGCGGCGAGAACTTATACTTTCAGAGCGGATCCTCCGAGGAACTCAAAAAATATGCAGAACGGGTAGCGAAGGCGCTTGCCGAGGGGAAGCTCGAAGGTTATTTGAAACTGGTAGAGGAATGGTCCAAAGTAGACAAACCTTTTTCCAAGGAGAACTTCAAAGAGATGCTGGAGAAGGCGCTTTCTACGGAGGAAGCAAAAGAGGATAAAGAACTCAAGGAGGCCCTGGAGTATATCCTCGAAAATCTGGACGAATGGTCCTTAGATGAGATTAAAGAGTACCTGGAATATGCGCTCAAACTGGCGAAGGAATACGGGGTGGAAGAGTACACAAAGTATTTGGAAAAGTTATTATCAAAATAACTCGAG,b6iiniin,24.49633027522936,3.256880733944954,-188.48655246943235,-1.7292344263250674,4.500000000000004,-9.212325675590236,-9.212325675590236,12921.547779999995,109,87.17284403669723,4.09558118003535,0.75,2.01,0.66105,0.35755,1.9269691202448265,0.9696330765840738,0.7102227269359036,0.6467642769290469,3.0,8.0,12.0,True,X,WY,oxygenMathFix,solublempnn,alphafold2,12,6,11.0,SEELKKYAERVAKALAEGKLEGYLKLVEEWSKVDKPFSKENFKEMLEKALSTEEAKEDKELKEALEYILENLDEWSLDEIKEYLEYALKLAKEYGVEEYTKYLEKLLSK,21620,12921.547779999995,---GGGGGGGG-----------GGGGGGGG-----------GGGGGGGG-----------GGGGGGGG-----------GGGGGGGG-----------GGGGGGGG---,48.0,0.0,b6iiniin_gap_11_12,-HHHHHHHHHHHHHHHTT--HHHHHHHHHHHHS-----HHHHHHHHHHHHTSHHHHH-HHHHHHHHHHHHTTTTS-HHHHHHHHHHHHHHHHHHT-HHHHHHHHHHHH-,-1.9909,-28.75133633254371,57.246981339187705,10.058754242875294,no_disulfide_b6iiniin,MGSSHHHHHHSSGENLYFQSGSSEELKKYAERVAKALAEGKLEGYLKLVEEWSKVDKPFSKENFKEMLEKALSTEEAKEDKELKEALEYILENLDEWSLDEIKEYLEYALKLAKEYGVEEYTKYLEKLLSK,15364.04798,22900,True,True,True,high,False,,,,,,,,,,,1
B3,no_disulfide_b6ininin,ATGGGCAGCAGCCATCATCATCATCATCACAGCAGCGGCGAGAACTTATACTTTCAGAGCGGATCCATGGAACTCGTATATGAATATGTAGAGAAGTTACTTTCGCTTTCGCATGAAGAACGCCGCGAATACTTATATAAAGAAGCACAGAAAGCATCCGAGGAACTGGGCTACCCTCCAGTAGAGACACTCTACGAGTGGTGGGATTACCTTTTGAAGAACCTGAGTGAAGAGTTAAAGGAACGTGTCCATGCTTTTGTAGAGGCCTTGTGGAACGGCGACGAGGAAACCACTCGCGCAACGGCTTTTCCTGTTTGGGAGGAAATCCTTGAGGCCCTGAGCGAAGAAGAACGGGAGAAACTTCTGGAACTGGTAAAAAAGTGGTATGCGGAATAACTCGAG,b6ininin,25.73302752293581,3.385321100917431,-233.0520686358213,-2.1380923728057,4.3000000000000025,-15.108405279309368,-15.108405279309368,13248.68178,109,88.0662385321101,3.853251409813989,0.74,1.23,0.78155,0.40074,1.179190058657282,0.9710063226107168,0.7957976135811328,0.6339504209579638,3.0,8.0,12.0,True,X,WY,oxygenMathFix,solublempnn,alphafold2,19,6,11.0,MELVYEYVEKLLSLSHEERREYLYKEAQKASEELGYPPVETLYEWWDYLLKNLSEELKERVHAFVEALWNGDEETTRATAFPVWEEILEALSEEEREKLLELVKKWYAE,38690,13248.68178,---GGGGGGGG-----------GGGGGGGG-----------GGGGGGGG-----------GGGGGGGG-----------GGGGGGGG-----------GGGGGGGG---,48.0,0.0,b6ininin_gap_11_19,-HHHHHHHHHHHHS-HHHHHHHHHHHHHHHHHHHT----SSHHHHHHHHTTTS-HHHHHHHHHHHHHHHHT-HHHHHHHHHHHHHHHHHHS-HHHHHHHHHHHHHHHH-,-1.5204,-26.74894582602084,56.24946695095949,1.5939338959434568,no_disulfide_b6ininin,MGSSHHHHHHSSGENLYFQSGSMELVYEYVEKLLSLSHEERREYLYKEAQKASEELGYPPVETLYEWWDYLLKNLSEELKERVHAFVEALWNGDEETTRATAFPVWEEILEALSEEEREKLLELVKKWYAE,15691.18198,39970,True,True,True,high,False,,,,,,,,,,,1
B4,no_disulfide_b6inninn,ATGGGCAGCAGCCATCATCATCATCATCACAGCAGCGGCGAGAACTTATACTTTCAGAGCGGATCCATGAGTATGCACGAAATCATCGACTCGATGGATGTCTCTCCAGAAGTCCGTGCTCTGCTTCGTGAATGGTGGGATCGTATGCTGGCTCGGCGTGAAGATGTGGATGCGTGGCTCGCTATGGTACGTTCTTGGGGGCTGTCAGAACACCTGTTGCCTCTCTATGAGGAATGGGTCCGCAAGGTTTTCGACGGTACCGCGACGACGGAAGAAACGCTTGAAATGTGGCGGCGTTGGTTCGCCGAACATGATGCAGAAGAGGAAGTACGTGCTTGGGTTGAGCGGTGGATGGCTTAACTCGAG,b6inninn,27.07216494845362,3.402061855670103,-205.8786418000236,-2.122460224742511,4.400000000000003,-10.048497024588292,-10.048497024588292,11895.371480000002,97,78.34896907216495,5.88822616643639,0.65,2.03,0.67338,0.40291,2.061394217082954,0.915973236689191,0.7568425514350765,0.6111305701405797,3.0,8.0,12.0,True,X,WY,oxygenMathFix,solublempnn,alphafold2,14,6,9.0,MSMHEIIDSMDVSPEVRALLREWWDRMLARREDVDAWLAMVRSWGLSEHLLPLYEEWVRKVFDGTATTEETLEMWRRWFAEHDAEEEVRAWVERWMA,52490,11895.371480000002,--GGGGGGGG---------GGGGGGGG---------GGGGGGGG---------GGGGGGGG---------GGGGGGGG---------GGGGGGGG--,48.0,0.0,b6inninn_gap_9_14,--HHHHHHTSSS-HHHHHHHHHHHHHHHHT---HHHHHHHHHHTT--TTTHHHHHHHHHHHHTT---HHHHHHHHHHHHHHS-HHHHHHHHHHHHH-,-1.4562,-34.26363263595276,55.61722488038278,11.446499946232702,no_disulfide_b6inninn,MGSSHHHHHHSSGENLYFQSGSMSMHEIIDSMDVSPEVRALLREWWDRMLARREDVDAWLAMVRSWGLSEHLLPLYEEWVRKVFDGTATTEETLEMWRRWFAEHDAEEEVRAWVERWMA,14337.871680000002,53770,True,True,True,low,False,,,,,,,,,,,1
B5,no_disulfide_h4i_n,ATGGGCAGCAGCCATCATCATCATCATCACAGCAGCGGCGAGAACTTATACTTTCAGAGCGGATCCATGGAAGAAGAGGAACAATTTAAGAATCGCTGGCGCGAGATTCGTGAGGAAGTGTATTCAAAAGGCGGCGGTGACGAGGATACTCTGCGCCGCTTGCGGGAACTGGAGAAGGAACCTCGCAGTGAGGAAGAAGCCTTTCTGTGTGAGCGCTACCGCGAACTCCGTGCTGAATACTATGCAAAGGGTGGGGGCGATGAAGATGTCCTGCGTTACATTAAAGAGTCTTTGTAACTCGAG,h4i_n,23.59605263157894,3.4473684210526314,-135.24361646920443,-1.7795212693316371,4.500000000000004,-7.312124767746655,-7.312124767746655,9295.10318,76,89.67065789473683,3.743537049861496,0.71,1.05,0.69789,0.38023,1.2169939968694097,0.8999559155838012,0.7169221709446096,0.6590827674462016,3.0,8.0,12.0,True,X,WY,oxygenMathFix,solublempnn,alphafold2,4,4,12.0,MEEEEQFKNRWREIREEVYSKGGGDEDTLRRLRELEKEPRSEEEAFLCERYRELRAEYYAKGGGDEDVLRYIKESL,12090,9295.10318,----GGGGGGGG------------GGGGGGGG------------GGGGGGGG------------GGGGGGGG----,32.0,0.0,h4i_n_gap_12_4,-HHHHHHHHHHHHHHHHHHHTT--HHHHHHHHHHHHHS--SHHHHHHHHHHHHHHHHHHHTT--HHHHHHHHHH--,-2.0842,-14.778095238095238,53.18836140888208,15.093559705946763,no_disulfide_h4i_n,MGSSHHHHHHSSGENLYFQSGSMEEEEQFKNRWREIREEVYSKGGGDEDTLRRLRELEKEPRSEEEAFLCERYRELRAEYYAKGGGDEDVLRYIKESL,11737.60338,13370,True,True,True,,False,,,,,,,,,,,1
B6,no_disulfide_h5i_i,ATGGGCAGCAGCCATCATCATCATCATCACAGCAGCGGCGAGAACTTATACTTTCAGAGCGGATCCCTCACGGAAGCAGAACTGCGGGCACTCTGCGCCGGGCGGCCACCAAGCCCTCGGGTCTTAGCTTTGTGGGAGGGTGTTTTACGCGGCGAAACGCTCGAATATGTGCGTCCTGGGTTTGAACGCGCCGAAGCTGGCGAATTATCCCCGGAACTCCGTGCTGGGTGGGAACGGCTTTTGGCTCGTGCAGAAGACCCTCTCTTAGGTCGTGTACTGGACTTGCTGCGTGGTTAACTCGAG,h5i_i,22.1157894736842,4.2631578947368425,-160.41159439086914,-2.110678873564068,4.900000000000004,-2.3064709577876177,-2.3064709577876177,8434.60778,76,71.81184210526318,6.825533240997229,0.52,1.74,0.61961,0.41616,2.0167329090978785,0.9455617009297534,0.5150042348110048,0.6349443450794772,3.0,8.0,12.0,True,X,WY,oxygenMathFix,solublempnn,alphafold2,18,5,8.0,LTEAELRALCAGRPPSPRVLALWEGVLRGETLEYVRPGFERAEAGELSPELRAGWERLLARAEDPLLGRVLDLLRG,12660,8434.60778,--GGGGGGGG--------GGGGGGGG--------GGGGGGGG--------GGGGGGGG--------GGGGGGGG--,40.0,0.1,h5i_i_gap_8_18,--HHHHHHHHTT----HHHHHHHHHHHTTSSHHHHHHHHHHHHTT-S-HHHHHHHHHHHHH---HHHHHHHHHHH-,-1.6578,-37.42924684684685,49.69360269360269,10.549445424334433,no_disulfide_h5i_i,MGSSHHHHHHSSGENLYFQSGSLTEAELRALCAGRPPSPRVLALWEGVLRGETLEYVRPGFERAEAGELSPELRAGWERLLARAEDPLLGRVLDLLRG,10877.107980000002,13940,True,True,True,,False,,,,,,,,,,,1
B7,no_disulfide_h5n_n,ATGGGCAGCAGCCATCATCATCATCATCACAGCAGCGGCGAGAACTTATACTTTCAGAGCGGATCCATGAGCACCTCGGAGCTGTATGCCATTCTGTTTGGCGGGATTACGCCTGCCGAAGTTTATGCAATGTTCCGCGAAGTGCGGCCAGGTATGACCCGCGCAGAACTCAACGCCCTGTGGAACGAAGTCCGTGAGAAATACTCCTCTTTAAGCGGCGAAGAAATTGTGGAGGAACTGCGCAAGAAATATCCTGGGTCACCTTTAGAGATGCTCCGCAAATTGTACGAAGATTAACTCGAG,h5n_n,24.16447368421051,3.631578947368421,-164.64205408841372,-2.166342816952812,4.700000000000003,-3.2050121526519293,-3.2050121526519293,8790.985779999999,76,80.47749999999999,5.003149238227147,0.59,0.96,0.81034,0.48297,1.112680225709174,0.958339955853381,0.802979014236329,0.6660766668167233,3.0,8.0,12.0,True,X,WY,oxygenMathFix,solublempnn,alphafold2,3,5,8.0,MSTSELYAILFGGITPAEVYAMFREVRPGMTRAELNALWNEVREKYSSLSGEEIVEELRKKYPGSPLEMLRKLYED,12090,8790.985779999999,--GGGGGGGG--------GGGGGGGG--------GGGGGGGG--------GGGGGGGG--------GGGGGGGG--,40.0,0.025,h5n_n_gap_8_3,--HHHHHHHHHTS--HHHHHHHHHHH-TT--HHHHHHHHHHHHHHTTTS-HHHHHHHHHHHS-S-HHHHHHHHHH-,-1.5836,-36.91022246736533,54.72402597402598,17.73125104338796,no_disulfide_h5n_n,MGSSHHHHHHSSGENLYFQSGSMSTSELYAILFGGITPAEVYAMFREVRPGMTRAELNALWNEVREKYSSLSGEEIVEELRKKYPGSPLEMLRKLYED,11233.48598,13370,True,True,True,,False,,,,,,,,,,,1
B8,no_disulfide_h6i_i_i,ATGGGCAGCAGCCATCATCATCATCATCACAGCAGCGGCGAGAACTTATACTTTCAGAGCGGATCCGGTAAAGAATTAGCACTGGAGACGTTTTACAAGCTGTACGCCGGGGAGTGGAAAACGGAGGAGCAGAAGAAGATCCAGGAGGTGTGGAAGAAACTGTGGGAATTGGTCGGCAAACCGTTTTCGGAGGAGGGCATCATCGAGGGGTATCGCCTGCTGCTCGAAAAATTAAAGGAAAAAGGTGCGTCTAAGGAATTGATCGAGTACGTGGAAAACTTAATTAAAGGTTTGGAAACTGGCGAGTTGAGCGAGGAAGTACTGAAATATATCGAGGGGCTGAAAAACCCTGAGGAGAATAAGGAAGTATTGGAGAAGATCATGAAAATGTGGGAAGAGATTGAAGAATGCCTGTAACTCGAG,h6i_i_i,25.2887931034483,3.1206896551724137,-238.74397265911105,-2.058137695337164,4.600000000000003,-9.316015667188925,-9.316015667188925,13725.714480000004,116,89.44370689655172,3.631530172413793,0.79,1.06,0.82519,0.38728,0.9867716717166258,0.9883374548007756,0.7217133511412805,0.6114815469399175,3.0,8.0,12.0,True,X,WY,oxygenMathFix,solublempnn,alphafold2,0,6,12.0,GKELALETFYKLYAGEWKTEEQKKIQEVWKKLWELVGKPFSEEGIIEGYRLLLEKLKEKGASKELIEYVENLIKGLETGELSEEVLKYIEGLKNPEENKEVLEKIMKMWEEIEECL,29160,13725.714480000004,----GGGGGGGG------------GGGGGGGG------------GGGGGGGG------------GGGGGGGG------------GGGGGGGG------------GGGGGGGG----,48.0,0.042,h6i_i_i_gap_12_0,-HHHHHHHHHHHHHT---SHHHHHHHHHHHHHHHHHT--SSHHHHHHHHHHHHHHHHHTT--HHHHHHHHHHHHHHHHS---HHHHHHHHHHH-TTT-HHHHHHHHHHHHHHHHH-,-1.6503,-26.279940238667105,56.24430641821946,9.35055921831276,no_disulfide_h6i_i_i,MGSSHHHHHHSSGENLYFQSGSGKELALETFYKLYAGEWKTEEQKKIQEVWKKLWELVGKPFSEEGIIEGYRLLLEKLKEKGASKELIEYVENLIKGLETGELSEEVLKYIEGLKNPEENKEVLEKIMKMWEEIEECL,16168.21468,30440,True,True,True,super_high,True,16.11,0.0005292378449408673,8.556831093784494,3.4,6.758,0.00022201051248357424,3.589513627051248,12.204346331974243,0.517,1.6984231274638633e-05,1
B9,no_disulfide_h6n_n_n,ATGGGCAGCAGCCATCATCATCATCATCACAGCAGCGGCGAGAACTTATACTTTCAGAGCGGATCCATGGAAGAATTAAAGGCGATGTATGAAGAACTCATCAAAAAATACGGTGTAAAAGATAAGGAGGGCCTGTTAAAAATGTTTGAGAAGCTCCGGGAGGATGTGGAACGCGGTGAGGACACACCTGTCATGCGGGCATTCCGTTGGCTTTTAGAGAATCTCGAAGAGATCCGCGAGAATGGTTGGATCTGGGGTTATGCGCGTATTCTGGGTCTGCCTTTAGAAGAGGCTAAGGAAGTAAGTAAGGAGCTTGCGCTCTGGCTCCTTAAACAGATTGGGTGTGAGTCATATGAGGAGTGGTTAGAAATTGTTGAAGAATTTCTCAATAGTTAACTCGAG,h6n_n_n,25.8330275229358,3.293577981651376,-225.2101869881153,-2.066148504478122,4.400000000000003,-10.311143712787809,-10.311143712787809,13084.96048,109,79.56211009174311,5.617597003619224,0.64,1.01,0.83349,0.4125,0.9682780156454104,0.9775023804628902,0.7352575992847439,0.6034418347537309,3.0,8.0,12.0,True,X,WY,oxygenMathFix,solublempnn,alphafold2,16,6,11.0,MEELKAMYEELIKKYGVKDKEGLLKMFEKLREDVERGEDTPVMRAFRWLLENLEEIRENGWIWGYARILGLPLEEAKEVSKELALWLLKQIGCESYEEWLEIVEEFLNS,33570,13084.96048,---GGGGGGGG-----------GGGGGGGG-----------GGGGGGGG-----------GGGGGGGG-----------GGGGGGGG-----------GGGGGGGG---,48.0,0.021,h6n_n_n_gap_11_16,-HHHHHHHHHHHHHHT--SHHHHHHHHHHHHHHHHTT---HHHHHHHHHHHTHHHHHHH-HHHHHHHHHT--HHHHHHHHHHHHHHHHHHHT---HHHHHHHHHHHHH-,-1.8444,-19.968175070189613,55.16304347826087,4.993127910074906,no_disulfide_h6n_n_n,MGSSHHHHHHSSGENLYFQSGSMEELKAMYEELIKKYGVKDKEGLLKMFEKLREDVERGEDTPVMRAFRWLLENLEEIRENGWIWGYARILGLPLEEAKEVSKELALWLLKQIGCESYEEWLEIVEEFLNS,15527.460680000002,34850,True,True,True,,False,,,,,,,,,,,1
B10,no_disulfide_l4iin,ATGGGCAGCAGCCATCATCATCATCATCACAGCAGCGGCGAGAACTTATACTTTCAGAGCGGATCCATGGAAAAGCTTGAGGAAACCGCAAAGAAATTGTATGACATTCTTTCTAACGACGAGGAGAAGTCTGAGCCAATTGCGGAGAAGATTCGGGAGAAGACAGGGCTTAACTGGTCGAAAGAGGAAATCCTTGAATTGATCGAGGATTACCTTGAGGGTAAGGCCAAGGAGCGTCGGGAGGAGATCGAGAAGATTTGCAAGGTTTACGAAGAACTTTAACTCGAG,l4iin,23.602816901408435,3.112676056338028,-158.58720599487424,-2.233622619646116,4.400000000000003,-8.312698011825853,-8.312698011825853,8517.556180000003,71,89.33295774647885,4.014697480658599,0.72,0.71,0.82104,0.42697,0.8567069065506916,0.9625060725955032,0.8131851516339049,0.6943247550089078,3.0,8.0,12.0,True,X,WY,oxygenMathFix,solublempnn,alphafold2,15,4,11.0,MEKLEETAKKLYDILSNDEEKSEPIAEKIREKTGLNWSKEEILELIEDYLEGKAKERREEIEKICKVYEEL,9530,8517.556180000003,---GGGGGGGG-----------GGGGGGGG-----------GGGGGGGG-----------GGGGGGGG---,32.0,0.0,l4iin_gap_11_15,-HHHHHHHHHHHHHHHH-HHHHHHHHHHHHHHH-----HHHHHHHHHHHHHT--GGGHHHHHHHHHHHHH-,-2.5293,-41.8616292798111,52.80872483221477,6.524930727459847,no_disulfide_l4iin,MGSSHHHHHHSSGENLYFQSGSMEKLEETAKKLYDILSNDEEKSEPIAEKIREKTGLNWSKEEILELIEDYLEGKAKERREEIEKICKVYEEL,10960.056379999998,10810,True,True,True,low,False,,,,,,,,,,,1
B11,no_disulfide_l4inn,ATGGGCAGCAGCCATCATCATCATCATCACAGCAGCGGCGAGAACTTATACTTTCAGAGCGGATCCGACGAACTGGAAGAAGGGATCAGGTATCTGTACGAGAAGTGGAAGGAAGAGAAGGGGCTGAAATCTCAAGAGGAACTTTTAGAATTACTCCTGGACGAGTCGAATGCTGAAACGGAAGAGGAGAAGGAGATCTATAAGTTGATCAAAGAGTACAAGAAGAAGGGTATGACGGACAAGGATTTATATGAAATTCTGTCGAAAGTTGAAGAGGAGTAACTCGAG,l4inn,24.076056338028152,3.0704225352112675,-157.77568566799164,-2.2221927558872063,4.200000000000003,-11.204703705084084,-11.204703705084084,8632.56908,71,88.82521126760565,3.826595913509225,0.68,0.44,0.9126,0.44082,0.5309169561722596,0.9790156772108666,0.7714401836130619,0.675306042389157,3.0,8.0,12.0,True,X,WY,oxygenMathFix,solublempnn,alphafold2,19,4,11.0,DELEEGIRYLYEKWKEEKGLKSQEELLELLLDESNAETEEEKEIYKLIKEYKKKGMTDKDLYEILSKVEEE,12090,8632.56908,---GGGGGGGG-----------GGGGGGGG-----------GGGGGGGG-----------GGGGGGGG---,32.0,0.031,l4inn_gap_11_19,-HHHHHHHHHHHHHHHHH---SHHHHHHHHH-GGG--SHHHHHHHHHHHHHHHTT--HHHHHHHHHHHHH-,-2.3659,-39.03619078929344,53.87128712871287,3.718018342408487,no_disulfide_l4inn,MGSSHHHHHHSSGENLYFQSGSDELEEGIRYLYEKWKEEKGLKSQEELLELLLDESNAETEEEKEIYKLIKEYKKKGMTDKDLYEILSKVEEE,11075.069280000002,13370,True,True,True,,False,,,,,,,,,,,1
B12,no_disulfide_l5iiin,ATGGGCAGCAGCCATCATCATCATCATCACAGCAGCGGCGAGAACTTATACTTTCAGAGCGGATCCTCAGAGTTGAAGGAAAAACTCAAATATCTGCTTGAACATCCGGAAGAGTTGTCGAGTGAGCGGTTAAAAGAGATGATTGAGAAGCTCAAAGCTGGGTTCTACGGTTATTGGGAGGAGTTGCGTAAGGTTCTTGAAGAGCTGGCTGCCGACGAAAGCGCTACATCACCATACGAGCTTGCTTTAATTGAGTTTTATGAGTTGTCCAAGGAATTATCCGAGGAGGAGATTGAGGAACTGATTAAAGAGGTGCTGGAGGAGTAACTCGAG,l5iiin,23.94302325581394,3.4651162790697674,-177.22568294405937,-2.060763755163481,4.200000000000003,-15.151759182508869,-15.151759182508869,10227.416079999995,86,88.08418604651165,3.883999459167117,0.74,1.33,0.6874,0.40431,1.4384776802792052,0.9739596306547657,0.7645286482476309,0.6559290811909002,3.0,8.0,12.0,True,X,WY,oxygenMathFix,solublempnn,alphafold2,14,5,10.0,SELKEKLKYLLEHPEELSSERLKEMIEKLKAGFYGYWEELRKVLEELAADESATSPYELALIEFYELSKELSEEEIEELIKEVLEE,12090,10227.416079999995,---GGGGGGGG----------GGGGGGGG----------GGGGGGGG----------GGGGGGGG----------GGGGGGGG---,40.0,0.0,l5iiin_gap_10_14,-HHHHHHHHHHH-GGG-S-HHHHHHHHHHHTT-GGGHHHHHHHHHHHHH-TT--SHHHHHHHHHHHHHTTS-HHHHHHHHHHHHH-,-1.5417,-26.570202170358257,54.99444444444445,5.368910802304916,no_disulfide_l5iiin,MGSSHHHHHHSSGENLYFQSGSSELKEKLKYLLEHPEELSSERLKEMIEKLKAGFYGYWEELRKVLEELAADESATSPYELALIEFYELSKELSEEEIEELIKEVLEE,12669.916279999998,13370,True,True,True,medium,True,,,,,,,,,,,1
C1,no_disulfide_l5inni,ATGGGCAGCAGCCATCATCATCATCATCACAGCAGCGGCGAGAACTTATACTTTCAGAGCGGATCCATGGACCGTTTAATGGCAATCTTTGCCCGGCTGCCGGAAATCCTGCGGGAGGCTGGGGACGAAGAGTTACTCGGGCTTTATCAGTGGTCGCAAACAGCTAGCTACGAAGAGGCCCTGGCGCGGTGGCTGGCAGCAGTGGACCGTCTGTTGGCACACCCTGAGCGGTACGCCGGTACTGAACTCGGTGCAGCGATTCGTGAGCTGAAAACATTACCAGAGGCTGAGGCTCGTGAGTTGCTCCGCAACGCCGTGGCAGAGTGGCTGAAATCCTAACTCGAG,l5inni,23.20888888888888,3.844444444444445,-191.3920713365078,-2.126578570405642,4.600000000000003,-5.150783246167431,-5.150783246167431,10238.58878,90,91.13488888888888,3.0528024691358024,0.77,1.73,0.60674,0.3632,1.8262049474817768,0.9716147673086376,0.7356227471693929,0.6676313404357629,3.0,8.0,12.0,True,X,WY,oxygenMathFix,solublempnn,alphafold2,18,5,11.0,MDRLMAIFARLPEILREAGDEELLGLYQWSQTASYEEALARWLAAVDRLLAHPERYAGTELGAAIRELKTLPEAEARELLRNAVAEWLKS,20910,10238.58878,---GGGGGGGG-----------GGGGGGGG-----------GGGGGGGG-----------GGGGGGGG-----------GGGGGGGG---,40.0,0.05,l5inni_gap_11_18,--HHHHHHHTHHHHHHHHT-HHHHHHHHHHTTS-HHHHHHHHHHHHHHHHH-GGGGTTSHHHHHHHHHHHS-HHHHHHHHHHHHHHHHH-,-1.3957,-23.274993757802747,53.87794729542302,5.222998198214629,no_disulfide_l5inni,MGSSHHHHHHSSGENLYFQSGSMDRLMAIFARLPEILREAGDEELLGLYQWSQTASYEEALARWLAAVDRLLAHPERYAGTELGAAIRELKTLPEAEARELLRNAVAEWLKS,12681.08898,22190,True,True,True,medium,False,,,,,,,,,,,1
C2,no_disulfide_l5innn,ATGGGCAGCAGCCATCATCATCATCATCACAGCAGCGGCGAGAACTTATACTTTCAGAGCGGATCCGAGGAGTTGAAAGAGAAACAAGAGGAACTCAAGAAGAAAGTAGACAGCGAAGAGGTGCGCGAACTCTGGCTCGAAGCGCTTAAAAAAAAAGGGGCTGATGAAGAAGAAGCCCGTAAAGTGATCGAGGAGGCTGCCGAGCGTTTGAAAAAAGGTGAGAGCATGGATGAGGTCCTCGAATGGGTTAATAAACGCCTGGGCAACGGGTTGAACAAGGAGGATCTTTTAGAACTTTTGGAAAAGTAACTCGAG,l5innn,22.26499999999999,3.275,-154.16468559205532,-1.927058569900692,4.600000000000003,-7.195546289199321,-7.195546289199321,9420.57798,80,82.71925,5.3401296875,0.63,1.26,0.75317,0.44166,1.4182349969035812,0.9564337221461984,0.7896744875971293,0.7039002836144503,3.0,8.0,12.0,True,X,WY,oxygenMathFix,solublempnn,alphafold2,18,5,9.0,EELKEKQEELKKKVDSEEVRELWLEALKKKGADEEEARKVIEEAAERLKKGESMDEVLEWVNKRLGNGLNKEDLLELLEK,11380,9420.57798,--GGGGGGGG---------GGGGGGGG---------GGGGGGGG---------GGGGGGGG---------GGGGGGGG--,40.0,0.0,l5innn_gap_9_18,-HHHHHHHHHHHHTTSHHHHHHHHHHHHHTT--HHHHHHHHHHHHHHHHTT--HHHHHHHHHHHHSS---HHHHHHHHH-,-2.6837,-46.51112523839796,53.32727272727273,26.08880383948225,no_disulfide_l5innn,MGSSHHHHHHSSGENLYFQSGSEELKEKQEELKKKVDSEEVRELWLEALKKKGADEEEARKVIEEAAERLKKGESMDEVLEWVNKRLGNGLNKEDLLELLEK,11863.07818,12660,False,False,,,False,,,,,,,,,,,1
C3,no_disulfide_l5niin,ATGGGCAGCAGCCATCATCATCATCATCACAGCAGCGGCGAGAACTTATACTTTCAGAGCGGATCCATGGAAGCCTTGTTAGCTACCGTCCGTGAGCTGGGTCTTACCACGGTTGGGGACGGTCTGGAGGTCTTTACGGCACGCTTGGATTCCCTCGCACCGCGCCTTTCGCCTGAAGAGGTTGAGGAATGGCGCGAAATGGTTCGTCGCTTAGTAGCGTCCGCCGCAGATCCTTCAACCACTACGTGGGCTGAGCTTGTGCGGGCCCTTGCTGCTAGCGATGACGAAGAGTTACGTGCTCGCTGGGAGGAAGCAGTACGTCGGCTTGCCGCTGCATAACTCGAG,l5niin,21.33444444444444,4.055555555555555,-191.49352622777224,-2.127705846975247,4.3000000000000025,-7.190715619963798,-7.190715619963798,9965.130080000004,90,85.71355555555554,4.2296,0.67,2.16,0.63173,0.3449,2.2801171598616405,0.9126360847768116,0.6570809437703743,0.6768989511630623,3.0,8.0,12.0,True,X,WY,oxygenMathFix,solublempnn,alphafold2,0,5,11.0,MEALLATVRELGLTTVGDGLEVFTARLDSLAPRLSPEEVEEWREMVRRLVASAADPSTTTWAELVRALAASDDEELRARWEEAVRRLAAA,17070,9965.130080000004,---GGGGGGGG-----------GGGGGGGG-----------GGGGGGGG-----------GGGGGGGG-----------GGGGGGGG---,40.0,0.0,l5niin_gap_11_0,-HHHHHHHHHTT--BHHHHHHHHHHHHHHHGGGS-HHHHHHHHHHHHHHHHTSS-TTT-BHHHHHHHHHTSS-HHHHHHHHHHHHHHHH-,-1.5316,-48.39759959141981,51.98569384835479,5.053600698698968,no_disulfide_l5niin,MGSSHHHHHHSSGENLYFQSGSMEALLATVRELGLTTVGDGLEVFTARLDSLAPRLSPEEVEEWREMVRRLVASAADPSTTTWAELVRALAASDDEELRARWEEAVRRLAAA,12407.63028,18350,True,True,True,low,False,,,,,,,,,,,1
C4,no_disulfide_l6innni,ATGGGCAGCAGCCATCATCATCATCATCACAGCAGCGGCGAGAACTTATACTTTCAGAGCGGATCCTCCCTCTATGAAGAGTTTATGGAATACTTAATGAAAGAAAATGACCTCGAAAAGTTAAAAGAACTTGCGAAAAAGATCGCCGAGAAAATCGGCGCTAAAGATTATATCCCGTTAGTCGAGGAAAGTCTTGAATACCTCAAGGAAGGGAAATGGGAGGAGATGCTTGAGTATATGTTATCGAAGTTGCCGAAGACGAAGCTGCGCGAGGAGTTAGAGGAAATCCTCGAAGGCAAGCTGAGCCCGGAAACAGAGGAGCTGATTAAAGAATGCTATTCATAACTCGAG,l6innni,24.78586956521738,3.217391304347826,-190.22492414712903,-2.067662218990533,4.400000000000003,-10.318225544040498,-10.318225544040498,11011.631680000004,92,70.17380434782608,8.006027882797731,0.55,1.81,0.64715,0.41942,1.8887432244642808,0.942281460169124,0.7803666630305435,0.6072691052987952,3.0,8.0,12.0,True,X,WY,oxygenMathFix,solublempnn,alphafold2,2,6,8.0,SLYEEFMEYLMKENDLEKLKELAKKIAEKIGAKDYIPLVEESLEYLKEGKWEEMLEYMLSKLPKTKLREELEEILEGKLSPETEELIKECYS,13370,11011.631680000004,--GGGGGGGG--------GGGGGGGG--------GGGGGGGG--------GGGGGGGG--------GGGGGGGG--------GGGGGGGG--,48.0,0.0,l6innni_gap_8_2,-HHHHHHHHHHHH--HHHHHHHHHHHHHHTT-GGGHHHHHHHHHHHHTT-HHHHHHHHHHHS-SSHHHHHHHHHHTT---HHHHHHHHHHH-,-2.0873,-24.87414965986395,53.51168831168831,28.302044313463004,no_disulfide_l6innni,MGSSHHHHHHSSGENLYFQSGSSLYEEFMEYLMKENDLEKLKELAKKIAEKIGAKDYIPLVEESLEYLKEGKWEEMLEYMLSKLPKTKLREELEEILEGKLSPETEELIKECYS,13454.131880000004,14650,False,False,,,False,,,,,,,,,,,1
C5,no_disulfide_l6niiin,ATGGGCAGCAGCCATCATCATCATCATCACAGCAGCGGCGAGAACTTATACTTTCAGAGCGGATCCAGCAGTTTACTGGAGGAACTCTATCAACAGCTGTACGATGCGGGTATCCTCTCAACGCCAGAGGCACAGGAAATGTTGCGTCGTATTTTGAACCCTGAAGAAGCCTCCATTGAGGAAACTTACGAGTGGTATAAGTGGGCGTTAGCGAACCTGCCGGAAGAACAGGAGCTGACGCGGGAGCTCTATGAAGAAGCACTGGAGCTGCTTGAGAGCGGCGTCACTTCACTTTATGACATTTATAAATATGTGGGCGATAAACTCGGGCTCTCTTTAGAAGAGTTTTACGAAGCAATCAAGAAGGTGGTAGAGCGTTAACTCGAG,l6niiin,23.96153846153847,3.5576923076923075,-235.2464154958725,-2.261984764383389,4.000000000000003,-15.206978838092173,-15.206978838092173,12230.54928,104,84.29528846153845,4.506020710059172,0.74,1.48,0.72706,0.40395,1.4515348833539954,0.9738638884547132,0.7901229669221755,0.6326009068287693,3.0,8.0,12.0,True,X,WY,oxygenMathFix,solublempnn,alphafold2,7,6,10.0,SSLLEELYQQLYDAGILSTPEAQEMLRRILNPEEASIEETYEWYKWALANLPEEQELTRELYEEALELLESGVTSLYDIYKYVGDKLGLSLEEFYEAIKKVVER,22900,12230.54928,---GGGGGGGG----------GGGGGGGG----------GGGGGGGG----------GGGGGGGG----------GGGGGGGG----------GGGGGGGG---,48.0,0.0,l6niiin_gap_10_7,--HHHHHHHHHHHTTTTSSHHHHHHHHHHT-TTT--HHHHHHHHHHHHHHS-TT-HHHHHHHHHHHHHHHTT---HHHHHHHHHHHTT--HHHHHHHHHHHHH-,-1.4979,-17.850772058823527,55.9513325608343,15.09073049738299,no_disulfide_l6niiin,MGSSHHHHHHSSGENLYFQSGSSSLLEELYQQLYDAGILSTPEAQEMLRRILNPEEASIEETYEWYKWALANLPEEQELTRELYEEALELLESGVTSLYDIYKYVGDKLGLSLEEFYEAIKKVVER,14673.04948,24180,True,True,True,,False,,,,,,,,,,,1
C6,no_disulfide_s6,ATGGGCAGCAGCCATCATCATCATCATCACAGCAGCGGCGAGAACTTATACTTTCAGAGCGGATCCAGCATGGTAAATCAGTACTGGCGGGATGCACTGGCAGGGAAACGGACGCCGGAGCTGGAAAAATGGTGGGATGAAATTGCCGAGAAATATAAGGGTAAGACTATCGCCGAAATTTGGAAGGCGTTACAGGCGGGTGAAGGTTCCGAAGAGGTAAATGCGTGGTGGAAGGAAGCCCTCGCAGGCAAATTAGATCCTGAAATTGCGAAATATGTTAAAGACGCACAAGCAGGGAAATTCAGTCCTGAGTTCGAGGCGGTTTGGAAACGGCTGTTCAAGTAACTCGAG,s6,25.98695652173914,3.0869565217391304,-167.76669800281525,-1.823551065247992,6.700000000000005,-0.2071380826008879,-0.2071380826008879,10690.03588,92,79.17891304347825,5.499461247637051,0.61,1.86,0.69813,0.42673,1.940918451659428,0.978059202379646,0.6293865101513078,0.6013555003127511,3.0,8.0,12.0,True,X,WY,oxygenMathFix,solublempnn,alphafold2,5,6,8.0,SMVNQYWRDALAGKRTPELEKWWDEIAEKYKGKTIAEIWKALQAGEGSEEVNAWWKEALAGKLDPEIAKYVKDAQAGKFSPEFEAVWKRLFK,43670,10690.03588,--GGGGGGGG--------GGGGGGGG--------GGGGGGGG--------GGGGGGGG--------GGGGGGGG--------GGGGGGGG--,48.0,0.0,s6_gap_8_5,-HHHHHHHHHHTT---HHHHHHHHHHHHHTTT--HHHHHHHHHTT-S-HHHHHHHHHHHTT-S-HHHHHHHHHHHTT---HHHHHHHHHHH-,-1.8584,-29.60498866213152,55.36939313984169,5.916113208382039,no_disulfide_s6,MGSSHHHHHHSSGENLYFQSGSSMVNQYWRDALAGKRTPELEKWWDEIAEKYKGKTIAEIWKALQAGEGSEEVNAWWKEALAGKLDPEIAKYVKDAQAGKFSPEFEAVWKRLFK,13132.53608,44950,True,True,False,,False,,,,,,,,,,,1
D1,variable_linkers_b3iii,ATGGGCAGCAGCCATCATCATCATCATCACAGCAGCGGCGAGAACTTATACTTTCAGAGCGGATCCATGGAAGAGAAAGCGAAAGAGATCGTTGAACTGTATAAGGCGGGGAAGCTCACGGAGGAGCAGAAGAAAATTGCGAAGGAAATCCTCGAAATCGAGAAAAAGGAAAAGAAATTTTCTGAGGAGTTGGCTAAGAAGGTGGAAGAAGTCGTAAAATAACTCGAG,b3iii,23.75490196078429,2.843137254901961,-83.71265663206577,-1.641424639844427,6.700000000000005,-0.2031676080533249,,6021.025280000001,51,,,,1.25,0.60283,0.47283,1.8844380476862808,,0.7942377058956775,,,,,,,,,proteinmpnn,omegafold,85,3,,MEEKAKEIVELYKAGKLTEEQKKIAKEILEIEKKEKKFSEELAKKVEEVVK,1280,,GGGGGGGGGG----------GGGGGGGGGG-----------GGGGGGGGGG,30.0,0.0,b3iii_85,-HHHHHHHHHHHHTT---HHHHHHHHHHHHHHHHH--S-HHHHHHHHHHH-,-2.6268,-22.70383673469388,50.3040380047506,4.587902518249612,variable_linkers_b3iii,MGSSHHHHHHSSGENLYFQSGSMEEKAKEIVELYKAGKLTEEQKKIAKEILEIEKKEKKFSEELAKKVEEVVK,8463.525479999998,2560,True,False,,,False,,,,,,,,,,,1
D2,variable_linkers_b3nnn,ATGGGCAGCAGCCATCATCATCATCATCACAGCAGCGGCGAGAACTTATACTTTCAGAGCGGATCCCTCGAAGAGGCAATTTTGGCCGCGATCAAGGAGGCCGGGGCAGAGGGCGAGGATTTAGAAGAGCTGCTGGCTCGCGGCCGTGCGGCTATCGAAGCCAATCAGCGGCCTGATATGAATGAGGAGTGGATTCGTGCTGCTGTGGCAGCAGCGTTAGCGTAACTCGAG,b3nnn,19.60384615384616,3.576923076923077,-113.69219523668288,-2.186388369936209,4.000000000000003,-7.194053881918293,,5531.13028,52,,,,1.16,0.61528,0.47323,1.723531399900794,,0.5968283221798226,,,,,,,,,proteinmpnn,omegafold,56,3,,LEEAILAAIKEAGAEGEDLEELLARGRAAIEANQRPDMNEEWIRAAVAAALA,5690,,GGGGGGGGGG-----------GGGGGGGGGG-----------GGGGGGGGGG,30.0,0.033,b3nnn_56,-HHHHHHHHHHHT-TTS-HHHHHHHHHHHHHHHT-TT--HHHHHHHHHHHH-,-1.8104,-33.10384267316394,49.16279069767442,0.7109023368456809,variable_linkers_b3nnn,MGSSHHHHHHSSGENLYFQSGSLEEAILAAIKEAGAEGEDLEELLARGRAAIEANQRPDMNEEWIRAAVAAALA,7973.630479999999,6970,True,False,,,False,,,,,,,,,,,1
D3,variable_linkers_b4iiiix,ATGGGCAGCAGCCATCATCATCATCATCACAGCAGCGGCGAGAACTTATACTTTCAGAGCGGATCCGATATTCTCAAAAAGGCTGCCGAATTGTGGGCCTCATCAGACGACGAACTCATGAAGAAAGTCGTGGACGCTGTGTTGGCAGGCGATTTGAGCTCTCTGAAGCCGGAGGAACTTGAGGCAGCAAAGAAGAAGGCGCTTGAACTTGCGCCGGAATTTCCTGAGGAGGATCGTCCTATTGTGATTGAAGCCGTAAAACTCATCTAACTCGAG,b4iiiix,21.8686567164179,3.5223880597014925,-132.60324546694756,-1.979152917417128,4.3000000000000025,-6.199243832777351,,7358.458179999999,67,,,,1.02,0.79931,0.53459,1.2753806745054768,,0.596244427425346,,,,,,,,,proteinmpnn,omegafold,9,4,,DILKKAAELWASSDDELMKKVVDAVLAGDLSSLKPEELEAAKKKALELAPEFPEEDRPIVIEAVKLI,5690,,GGGGGGGGGG-----GGGGGGGGGG----------GGGGGGGGGG------------GGGGGGGGGG,40.0,0.0,b4iiiix_9,-HHHHHHHHHTTS--HHHHHHHHHHHHT-GGGS-HHHHHHHHHHHHHHGGGS-TTTHHHHHHHHHH-,-1.5172,-21.514256198347105,52.79457364341085,-0.2387254128291427,variable_linkers_b4iiiix,MGSSHHHHHHSSGENLYFQSGSDILKKAAELWASSDDELMKKVVDAVLAGDLSSLKPEELEAAKKKALELAPEFPEEDRPIVIEAVKLI,9800.95838,6970,True,False,,,False,,,,,,,,,,,1
D4,variable_linkers_b4iiiiy,ATGGGCAGCAGCCATCATCATCATCATCACAGCAGCGGCGAGAACTTATACTTTCAGAGCGGATCCATGGAAGAGGCTTTGAAGAAGGCGGAGGAGCTTTGGGAAAAGACCAAGGATGAGAAGATGCAGACCCTTCTTGAGGCAGTCAAGAAAGGGGGTGATAAAGAACTCCTCGCTAAATCCCTCAAAACTGGCGAAATGGAAGAAGCATTGAAAGCTGCGAAAGCGTAACTCGAG,b4iiiiy,22.018518518518515,3.1481481481481484,-105.15654572099449,-1.947343439277676,5.300000000000004,-1.2014615388750254,,6048.99708,54,,,,2.06,0.56721,0.4874,2.977279038298216,,0.7610395845702153,,,,,,,,,proteinmpnn,omegafold,65,4,,MEEALKKAEELWEKTKDEKMQTLLEAVKKGGDKELLAKSLKTGEMEEALKAAKA,5690,,GGGGGGGGGG---------GGGGGGGGGG---GGGGGGGGGG--GGGGGGGGGG,40.0,0.0,b4iiiiy_65,-HHHHHHHHHHHHHH--HHHHHHHHHHHTT--HHHHHHHHHH--HHHHHHHHH-,-2.5647,-21.347995980797144,48.65714285714286,3.922235638537124,variable_linkers_b4iiiiy,MGSSHHHHHHSSGENLYFQSGSMEEALKKAEELWEKTKDEKMQTLLEAVKKGGDKELLAKSLKTGEMEEALKAAKA,8491.49728,6970,True,False,,,False,,,,,,,,,,,1
D5,variable_linkers_b4iiin,ATGGGCAGCAGCCATCATCATCATCATCACAGCAGCGGCGAGAACTTATACTTTCAGAGCGGATCCGAGCGTCGTGAACGGGTGATTGAACGTTTACGGGAGTATGCTGAACGCTTTGAAGGCACCCCGTTGGCTGAAGAGATTCGCCGCGTGGCTGAGCGTTTGGAGGCTGGTGAGAGTGACCTGGAAGGCTTACGTCGGGTATTTGAAGCTGCTGGTGATGAAGAGTGGCTCCCATTAGGTGAGGAGGTAGCGGAAGAGTAACTCGAG,b4iiin,21.61538461538461,3.769230769230769,-118.5556072294712,-1.8239324189149413,4.200000000000003,-10.188995628395798,,7643.285979999999,65,,,,1.37,0.74595,0.52141,1.7460936591239875,,0.4254933956759797,,,,,,,,,proteinmpnn,omegafold,68,4,,ERRERVIERLREYAERFEGTPLAEEIRRVAERLEAGESDLEGLRRVFEAAGDEEWLPLGEEVAEE,6970,,GGGGGGGGGG-------------GGGGGGGGGG------GGGGGGGGGG------GGGGGGGGGG,40.0,0.05,b4iiin_68,-HHHHHHHHHHHHHHHTTTSHHHHHHHHHHHHHHTT---HHHHHHHHHHTT--THHHHHHHHHH-,-2.2747,-39.89822595704948,52.43866171003717,4.003743700102196,variable_linkers_b4iiin,MGSSHHHHHHSSGENLYFQSGSERRERVIERLREYAERFEGTPLAEEIRRVAERLEAGESDLEGLRRVFEAAGDEEWLPLGEEVAEE,10085.78618,8250,False,False,,,False,,,,,,,,,,,1
D6,variable_linkers_b4inin,ATGGGCAGCAGCCATCATCATCATCATCACAGCAGCGGCGAGAACTTATACTTTCAGAGCGGATCCGTTGAGGAGTGCTTAAAGAAGTGCAAATCAGGCAACAAAGAAGCTATCCCAGAGTGCGAAAAAGAGTGGAAAGCTAAAGGTGTCAAAAACGCTGAAGAGTGTGCAAAGAAGTGGAAGGAAGGGAACTGTGAGGAGTGTGCCAAGAAGGTCAAGTCTTAACTCGAG,b4inin,23.080769230769228,2.673076923076923,-86.52683326601982,-1.6639775628080735,8.100000000000007,2.125806727593563,,5887.78818,52,,,,1.34,0.72364,0.6047,1.9909759274716072,,0.5869463420769037,,,,,,,,,proteinmpnn,omegafold,20,4,,VEECLKKCKSGNKEAIPECEKEWKAKGVKNAEECAKKWKEGNCEECAKKVKS,11380,,GGGGGGGGGG-----GGGGGGGGGG-----GGGGGGGGGG--GGGGGGGGGG,40.0,0.0,b4inin_20,-HHHHHHHHTT-GGGHHHHHHHHHHHT-TTHHHHHHHHHHT-HHHHHHHH--,-2.4968,-89.94236918436012,52.48768472906404,8.103975952413986,variable_linkers_b4inin,MGSSHHHHHHSSGENLYFQSGSVEECLKKCKSGNKEAIPECEKEWKAKGVKNAEECAKKWKEGNCEECAKKVKS,8330.28838,12660,False,False,,,False,,,,,,,,,,,1
D7,variable_linkers_b4innn,ATGGGCAGCAGCCATCATCATCATCATCACAGCAGCGGCGAGAACTTATACTTTCAGAGCGGATCCTCGCGGCTTGAAGAGATTTGCTCGAAGTTATCTGGTCCAACTGCGGCCAAAGTTTGTGAAGAATGTAAAGGGTTGTCATTGGACGAATGCTGTGAGCTTGGGTTGAAGTACGGCTTACCGGAGGCGTGCGAACTGGCACGTAAATAACTCGAG,b4innn,21.10625,3.6875,-103.50640857219696,-2.15638351192077,4.800000000000003,-2.8714788852779605,,5174.98808,48,,,,1.85,0.60846,0.56064,2.92251967896152,,0.4016504375315584,,,,,,,,,proteinmpnn,omegafold,95,4,,SRLEEICSKLSGPTAAKVCEECKGLSLDECCELGLKYGLPEACELARK,1280,,GGGGGGGGGG--GGGGGGGGGG----GGGGGGGGGG--GGGGGGGGGG,40.0,0.025,b4innn_95,-HHHHHHHH--SHHHHHHHHHHTTS-HHHHHHHHHHHT-HHHHHHHH-,-1.7011,-29.62298781405145,49.1887323943662,3.090489584192015,variable_linkers_b4innn,MGSSHHHHHHSSGENLYFQSGSSRLEEICSKLSGPTAAKVCEECKGLSLDECCELGLKYGLPEACELARK,7617.48828,2560,True,False,,,False,,,,,,,,,,,1
D8,variable_linkers_b4nnnnx,ATGGGCAGCAGCCATCATCATCATCATCACAGCAGCGGCGAGAACTTATACTTTCAGAGCGGATCCGACATTGAAGAGAAGTGCAACGAACTTCTGGAGAAATCGAAGGGGGCTAGTTTAGAAGAGAAGATTAAACTGTGCAAGGAGTTCGGGAACGAAGAATCGATTGAAAAATGCTTGGAGCTGCTGGACAAATACGAAAAAGGTGAGTTGACAGAGGAAGAGAAGAAGGAAGCGTGCAAAGAGCTGGCATAACTCGAG,b4nnnnx,21.95483870967741,3.048387096774193,-96.37899429351091,-1.5544999079598534,4.400000000000003,-8.645763792496231,,7166.04828,62,,,,1.43,0.67851,0.51809,1.879150640844271,,0.6259538411428429,,,,,,,,,proteinmpnn,omegafold,38,4,,DIEEKCNELLEKSKGASLEEKIKLCKEFGNEESIEKCLELLDKYEKGELTEEEKKEACKELA,1280,,GGGGGGGGGG---------GGGGGGGGGG--GGGGGGGGGG-----------GGGGGGGGGG,40.0,0.025,b4nnnnx_38,-HHHHHHHHHHHHTT--HHHHHHHHHHHS-GGGHHHHHHHHHHHHHT---HHHHHHHHHHH-,-2.8079,-46.862191358024695,51.52917505030181,4.398963000348314,variable_linkers_b4nnnnx,MGSSHHHHHHSSGENLYFQSGSDIEEKCNELLEKSKGASLEEKIKLCKEFGNEESIEKCLELLDKYEKGELTEEEKKEACKELA,9608.54848,2560,True,False,,,False,,,,,,,,,,,1
D9,variable_linkers_b4nnnny,ATGGGCAGCAGCCATCATCATCATCATCACAGCAGCGGCGAGAACTTATACTTTCAGAGCGGATCCATGGAAGAAATCCGCAAGCGGCTGGAGGAGGGCGGGTTAGAGTACGCAGTAGAGGTAGCGAAGGAATTTGGTGACATTGAAAAAACCGTGAAGGCCGCTGAAGAATTAGGTTATGATCCGGAGGAACTTCGCAAATTACTTGAGGAGTAACTCGAG,b4nnnny,22.24897959183673,3.2857142857142856,-75.9587712623179,-1.5501790053534263,4.200000000000003,-8.19816140731439,,5683.311279999999,49,,,,1.93,0.57498,0.52252,3.0000385991746525,,0.7342860567617746,,,,,,,,,proteinmpnn,omegafold,73,4,,MEEIRKRLEEGGLEYAVEVAKEFGDIEKTVKAAEELGYDPEELRKLLEE,2560,,GGGGGGGGGG--GGGGGGGGGG---GGGGGGGGGG----GGGGGGGGGG,40.0,0.0,b4nnnny_73,-HHHHHHHHHH-HHHHHHHHHHH--HHHHHHHHHHTT--HHHHHHHHH-,-2.1946,-9.506134751773049,51.19597989949749,0.8164454286360089,variable_linkers_b4nnnny,MGSSHHHHHHSSGENLYFQSGSMEEIRKRLEEGGLEYAVEVAKEFGDIEKTVKAAEELGYDPEELRKLLEE,8125.811479999999,3840,True,False,,,False,,,,,,,,,,,1
D10,variable_linkers_b5iiiin,ATGGGCAGCAGCCATCATCATCATCATCACAGCAGCGGCGAGAACTTATACTTTCAGAGCGGATCCGAACGCGAGAAAGGGATTGAATACTTGAAAACATTAAGTAGCCCAGTCTCTGATAAGTGTACTGAGGACTTTGCTGCGGGTAAGCCTAACCTCAAAGCGTGCTTAGCCGCCTTAAAGACATCAGGGGCCGAAATGAAGGCCATTGCAGATAAGTGCGAGACCTTGGGGGCCAACGGCTGGGACGAATGCTTAAAATTGGCCTTGTAACTCGAG,b5iiiin,21.58823529411765,3.4705882352941178,-165.93233680725098,-2.440181423636044,5.100000000000003,-1.6509761285633835,,7247.28468,68,,,,2.59,0.56872,0.47629,3.208746583927166,,0.4030156896823748,,,,,,,,,proteinmpnn,omegafold,11,5,,EREKGIEYLKTLSSPVSDKCTEDFAAGKPNLKACLAALKTSGAEMKAIADKCETLGANGWDECLKLAL,6970,,GGGGGGGGGG-----GGGGGGGGGG-----GGGGGGGGGG---GGGGGGGGGG-----GGGGGGGGGG,50.0,0.04,b5iiiin_11,-HHHHHHHHHHT--HHHHHHHHHHHTT---HHHHHHHHHHH-HHHHHHHHHHHHH-STTHHHHHHHT-,-1.6548,-51.10091813658977,52.29423459244533,21.24911913252136,variable_linkers_b5iiiin,MGSSHHHHHHSSGENLYFQSGSEREKGIEYLKTLSSPVSDKCTEDFAAGKPNLKACLAALKTSGAEMKAIADKCETLGANGWDECLKLAL,9689.78488,8250,True,False,,,False,,,,,,,,,,,1
D11,variable_linkers_b5iinin,ATGGGCAGCAGCCATCATCATCATCATCACAGCAGCGGCGAGAACTTATACTTTCAGAGCGGATCCGAAGAGGTATTAGAGGTACTCAAGAAACTTGGCGGGGCGGAAGAGGCATACGAAGAACTTAAAAAAGACGACAAGGGCGCGATTGAGAAAGCAACCAAGAAGGTTGAAGGCCCAGAGAATAAAGAAGTCGCGGAACTGTTGAAAACCGCAAAGAACAAAGAGGACTTCGAAAAAGTCTTAAAGAAGGCATAACTCGAG,b5iinin,21.658730158730148,3.063492063492064,-130.46369442343712,-2.07085229243551,5.100000000000003,-2.203374980189281,,7058.000180000001,63,,,,1.54,0.79613,0.66257,2.002646952570213,,0.6658013227633937,,,,,,,,,proteinmpnn,omegafold,98,5,,EEVLEVLKKLGGAEEAYEELKKDDKGAIEKATKKVEGPENKEVAELLKTAKNKEDFEKVLKKA,1280,,GGGGGGGGGG--GGGGGGGGGG----GGGGGGGGGG--GGGGGGGGGG-----GGGGGGGGGG,50.0,0.0,b5iinin_98,-HHHHHHHHHT-HHHHHHHHHTT-TTHHHHHHHHH--STTHHHHHHHTT--SHHHHHHHHHH-,-2.7151,-51.86258652094717,51.22020202020202,3.9832603394884303,variable_linkers_b5iinin,MGSSHHHHHHSSGENLYFQSGSEEVLEVLKKLGGAEEAYEELKKDDKGAIEKATKKVEGPENKEVAELLKTAKNKEDFEKVLKKA,9500.50038,2560,True,False,,,False,,,,,,,,,,,1
D12,variable_linkers_b5ininn,ATGGGCAGCAGCCATCATCATCATCATCACAGCAGCGGCGAGAACTTATACTTTCAGAGCGGATCCGCTATCGCGGACCTCACAAAAGCAGTTGCAGCAGAGGCAGCAAAAGCGAAGGATGCTCGTTTAAAAGCCATTGCCGAGGCATTAGCGAAGGCCAAAAACGTCGACGAGGTCGAGGCAGTGCTGAAGGCTGCTGGGGCGGATGCAGACGCCGCAGCCGCCGCACTGCGTGCAGGGAACTGGAATGCAGCCACTATTGCCAAAATTGTAGCAGATATTGCATAACTCGAG,b5ininn,18.891780821917813,3.506849315068493,-131.31892001628876,-1.7988893152916268,6.500000000000005,-0.202756058948651,,7167.14208,73,,,,0.86,0.88419,0.63585,1.0205963129079576,,0.5866492005279866,,,,,,,,,proteinmpnn,omegafold,66,5,,AIADLTKAVAAEAAKAKDARLKAIAEALAKAKNVDEVEAVLKAAGADADAAAAALRAGNWNAATIAKIVADIA,5690,,GGGGGGGGGG---------GGGGGGGGGG-----GGGGGGGGGG---GGGGGGGGGG------GGGGGGGGGG,50.0,0.0,b5ininn_66,-HHHHHHHHHHHHHHHT-HHHHHHHHHHHT--SHHHHHHHHHHHTS-HHHHHHHHHTT---HHHHHHHHHHH-,-1.4006,-55.62500000000001,50.811133200795226,0.1572716361680734,variable_linkers_b5ininn,MGSSHHHHHHSSGENLYFQSGSAIADLTKAVAAEAAKAKDARLKAIAEALAKAKNVDEVEAVLKAAGADADAAAAALRAGNWNAATIAKIVADIA,9609.64228,6970,True,False,,,False,,,,,,,,,,,1
E1,variable_linkers_b5innnn,ATGGGCAGCAGCCATCATCATCATCATCACAGCAGCGGCGAGAACTTATACTTTCAGAGCGGATCCAAAGTGGAAGAATTGGCGAAAGCTATGAAGGGTGTGAGTACAGAGGAATTGTTAGAAGTCCTGAAGGAAGCCGGTGTACCAGAGGAGGACGCTGAAAAGCTGTACGAACTGGCCAAAAAAGGGGGTGAGGAGGACTTCAAGAAAGCAGCAAAGGAGTTAAAGGAGGAAGGGGTAGAGAGTTTAAAGCCGGTTTATGAAGCCGCCGAGAAGTAACTCGAG,b5innnn,21.224285714285703,3.2142857142857144,-141.38830618560314,-2.0198329455086164,4.500000000000004,-7.201232763661997,,7737.69248,70,,,,2.52,0.65639,0.51612,3.0669525675461347,,0.684742296223399,,,,,,,,,proteinmpnn,omegafold,30,5,,KVEELAKAMKGVSTEELLEVLKEAGVPEEDAEKLYELAKKGGEEDFKKAAKELKEEGVESLKPVYEAAEK,2560,,GGGGGGGGGG----GGGGGGGGGG------GGGGGGGGGG--GGGGGGGGGG--------GGGGGGGGGG,50.0,0.0,b5innnn_30,-HHHHHHHHHH--HHHHHHHHHHTT--HHHHHHHHHHHTT--HHHHHHHHHHHHHTT--TTHHHHHHHH-,-2.3841,-35.206744734931,52.15867158671587,13.941698574099677,variable_linkers_b5innnn,MGSSHHHHHHSSGENLYFQSGSKVEELAKAMKGVSTEELLEVLKEAGVPEEDAEKLYELAKKGGEEDFKKAAKELKEEGVESLKPVYEAAEK,10180.192680000002,3840,True,False,,,False,,,,,,,,,,,1
E2,variable_linkers_b6iiniin,ATGGGCAGCAGCCATCATCATCATCATCACAGCAGCGGCGAGAACTTATACTTTCAGAGCGGATCCATGCAAGCGCTGATTGAGGCATTCAAAGCAGTAGAGACTAACGCTGAACTGCAGAAGGTTGTAAAAGACTTGGAAGCGGGTAACTACGCAAATATCGCTGCCGCCTTCGAGGCCGCTGGCCTCTCAGCCGCTGACGCTGCCAAACTTGCGGCGGACTTAAAAGCAGGTGAGGTAGCTCCGATCGTAGAACTCTTAGCGAAGATTGATAGTCCTGAGTTTGCTCCTGTAGTAGAAGCAGCCAAGGCCTAACTCGAG,b6iiniin,20.087804878048782,3.451219512195122,-135.56273251771927,-1.6532040550941374,4.200000000000003,-6.2008083197639525,,8367.49078,82,,,,1.76,0.74529,0.58754,1.953874071853775,,0.7748173366660865,,,,,,,,,proteinmpnn,omegafold,69,6,,MQALIEAFKAVETNAELQKVVKDLEAGNYANIAAAFEAAGLSAADAAKLAADLKAGEVAPIVELLAKIDSPEFAPVVEAAKA,1280,,GGGGGGGGGG------GGGGGGGGGG--GGGGGGGGGG-------GGGGGGGGGG--GGGGGGGGGG-----GGGGGGGGGG,60.0,0.0,b6iiniin_69,-HHHHHHHHHT--SHHHHHHHHHHHHT-HHHHHHHHHHTT--HHHHHHHHHHHHHT-HHHHHHHHTTS--TTTHHHHHHHH-,-1.1889,-45.7640295460391,53.24489795918368,-0.3754393077341131,variable_linkers_b6iiniin,MGSSHHHHHHSSGENLYFQSGSMQALIEAFKAVETNAELQKVVKDLEAGNYANIAAAFEAAGLSAADAAKLAADLKAGEVAPIVELLAKIDSPEFAPVVEAAKA,10809.99098,2560,True,False,,,False,,,,,,,,,,,1
E3,variable_linkers_b6ininin,ATGGGCAGCAGCCATCATCATCATCATCACAGCAGCGGCGAGAACTTATACTTTCAGAGCGGATCCGCCGAGGAAATCAAAAAGGCACTTAAAGAAGGTGAAGCTGAAGAGATCGCTAAAGCCCTGGCAAAACTGGGGGCTAACGCTGAGAAGATTAAGAAAGAACTCGCGAAGGAAGGTCCTGACTATGACGCTATTGCGGAGGAATTAGCCAAAATCGGGAACGCGAAGCTGGCCCCGGCTATCAAGAAGGCGCTGAAAGAGGGCGAAGCTGAGGAAATTGCAAAAGCACTTGCAGAGTAACTCGAG,b6ininin,20.27820512820512,3.1923076923076925,-98.77961636520922,-1.266405338015503,4.900000000000004,-3.2021378866097034,,8226.38598,78,,,,1.82,0.71033,0.59369,2.078172822120648,,0.6443766878787514,,,,,,,,,proteinmpnn,omegafold,79,6,,AEEIKKALKEGEAEEIAKALAKLGANAEKIKKELAKEGPDYDAIAEELAKIGNAKLAPAIKKALKEGEAEEIAKALAE,1280,,GGGGGGGGGG--GGGGGGGGGG----GGGGGGGGGG----GGGGGGGGGG------GGGGGGGGGG--GGGGGGGGGG,60.0,0.0,b6ininin_79,-HHHHHHHHHT-HHHHHHHHHTTT--HHHHHHHHTSSS--HHHHHHHHHHTT-TTHHHHHHHHHHHT-HHHHHHHHH-,-2.1234,-60.256578947368425,51.34142114384749,4.817542737789073,variable_linkers_b6ininin,MGSSHHHHHHSSGENLYFQSGSAEEIKKALKEGEAEEIAKALAKLGANAEKIKKELAKEGPDYDAIAEELAKIGNAKLAPAIKKALKEGEAEEIAKALAE,10668.88618,2560,True,False,,,False,,,,,,,,,,,1
E4,variable_linkers_b6inninn,ATGGGCAGCAGCCATCATCATCATCATCACAGCAGCGGCGAGAACTTATACTTTCAGAGCGGATCCTATGAGGAGTTAAAGAAAAAGTTAGAAGAAGTGACGGGGAACAAGGAAGGGGCCGAAGAACTCGCCGAAAATCTCAAAAAAGGTAACACCGAAAAAACCAAGGAAATTTTGCGGGAAATGGGGCTGGGTGAGGAAGCGGAGCTGATTGCAGAGGCGCTTAAAGGTGAGAGCTTAGAGGAGATTAAAAAGGCTCTGGCTTCGCTTGCACCGAAGATGAAGTCCGAAAAGGAGAAGAACGTCATTAAAGCCGTGGAGGAGTAACTCGAG,b6inninn,21.075581395348824,3.232558139534884,-158.6163166463375,-1.844375774957413,4.800000000000003,-5.198997888223162,,9585.86668,86,,,,1.82,0.72938,0.56319,1.9684431414347017,,0.6318640803449979,,,,,,,,,proteinmpnn,omegafold,65,6,,YEELKKKLEEVTGNKEGAEELAENLKKGNTEKTKEILREMGLGEEAELIAEALKGESLEEIKKALASLAPKMKSEKEKNVIKAVEE,1280,,GGGGGGGGGG-------GGGGGGGGGG--GGGGGGGGGG------GGGGGGGGGG--GGGGGGGGGG---------GGGGGGGGGG,60.0,0.017,b6inninn_65,-HHHHHHHHHHH--HHHHHHHHHHHHHT-HHHHHHHHHHTT-GGGHHHHHHHTSS--HHHHHHHHHHHGGG--SHHHHHHHHHHH-,-2.0303,-60.29033041788144,54.5949177877429,10.795761380861906,variable_linkers_b6inninn,MGSSHHHHHHSSGENLYFQSGSYEELKKKLEEVTGNKEGAEELAENLKKGNTEKTKEILREMGLGEEAELIAEALKGESLEEIKKALASLAPKMKSEKEKNVIKAVEE,12028.36688,2560,True,False,,,False,,,,,,,,,,,1
E5,variable_linkers_h4i_n,ATGGGCAGCAGCCATCATCATCATCATCACAGCAGCGGCGAGAACTTATACTTTCAGAGCGGATCCATGAAGCTCCTGGAGGAATTAGAGAAAATCTATAAAGAAGACAAAACGCCGAAGGATGAGAAGACGTCGCGTCTGATTGAAAAGGCACTCAAGTGCAAGGAAGGCAAAGACTGTGAGGAACTGAAAGAAGCTGAAAAATTGGGGAACTTCGAAGACGCACTCAAATACGCCGAAGAATAACTCGAG,h4i_n,23.03728813559321,3.0,-128.16339939832687,-2.172261006751303,4.700000000000003,-4.42734680794591,,6949.88198,59,,,,1.77,0.65002,0.51157,2.404291443567299,,0.8499218659679422,,,,,,,,,proteinmpnn,omegafold,71,4,,MKLLEELEKIYKEDKTPKDEKTSRLIEKALKCKEGKDCEELKEAEKLGNFEDALKYAEE,2560,,GGGGGGGGGG------------GGGGGGGGGG-----GGGGGGGGGG--GGGGGGGGGG,40.0,0.0,h4i_n_71,-HHHHHHHHHHHH-SS-S-HHHHHHHHHHHHHHTTS--HHHHHHHHH-SHHHHHHHHH-,-2.6733,-32.74380860556564,50.00413223140496,5.384008544447087,variable_linkers_h4i_n,MGSSHHHHHHSSGENLYFQSGSMKLLEELEKIYKEDKTPKDEKTSRLIEKALKCKEGKDCEELKEAEKLGNFEDALKYAEE,9392.382180000002,3840,True,False,,,False,,,,,,,,,,,1
E6,variable_linkers_h5i_i,ATGGGCAGCAGCCATCATCATCATCATCACAGCAGCGGCGAGAACTTATACTTTCAGAGCGGATCCAAAGCCGCAGAGTGGATGAAGAAGGTGGCTAAATATTGTAAGAATTTGGACGATCCTGAACTCAAAGCGGCAGTTGAAGCCGCTGCGAAGGGCGATAAGGAGGTTGCGGAAAAGTTAGCTTCACTGAAAGGCAAGGGCGAAGAGGTGAAAAAATGGTTGGAGAACCCGGAAAAAGATCCAGAAAAGCAAGCAGAGAATTGTCGTTTACTGAATGAAGCTCTTAAATCTTAACTCGAG,h5i_i,22.04342105263157,3.1184210526315788,-150.06550985574722,-1.974546182312464,7.900000000000006,0.5710073079988753,,8483.664079999999,76,,,,2.22,0.58153,0.45929,2.5730730219524656,,0.6158412234691283,,,,,,,,,proteinmpnn,omegafold,17,5,,KAAEWMKKVAKYCKNLDDPELKAAVEAAAKGDKEVAEKLASLKGKGEEVKKWLENPEKDPEKQAENCRLLNEALKS,12660,,GGGGGGGGGG----------GGGGGGGGGG--GGGGGGGGGG--GGGGGGGGGG------------GGGGGGGGGG,50.0,0.02,h5i_i_17,-HHHHHHHHHHHSTT---HHHHHHHHHHHTT-HHHHHHHHT--THHHHHHHHHHS----HHHHHHHHHHHHHHHH-,-2.5052,-59.56156156156156,51.59190556492411,10.579251949404298,variable_linkers_h5i_i,MGSSHHHHHHSSGENLYFQSGSKAAEWMKKVAKYCKNLDDPELKAAVEAAAKGDKEVAEKLASLKGKGEEVKKWLENPEKDPEKQAENCRLLNEALKS,10926.16428,13940,True,False,,,False,,,,,,,,,,,1
E7,variable_linkers_h5n_n,ATGGGCAGCAGCCATCATCATCATCATCACAGCAGCGGCGAGAACTTATACTTTCAGAGCGGATCCATGGAGCTTTTTAAGAAGGCCATCAAGCGGGCAAAAGAGCTTGGGGTTAAGAATGCTGAGGATCTGAAAGCCGAATTGGAAAAGTATGGTGCCTTTGAAGAAGCAGTGGCGGCCCTCAAAGCCGAGGTCGATAAAGAGGGCGAAAAGAGTAAGGAGGAGCGTATTGAGATCGCAACCAAATTAGTCACTGAAGAAGAGGATGAGTTGACACGTAAGATCGTCGCAGAGATGCTCTAACTCGAG,h5n_n,22.080769230769217,3.2051282051282053,-167.03766736388206,-2.141508555947206,4.700000000000003,-5.199088630873005,,8853.088880000001,78,,,,1.68,0.72241,0.52242,1.9183133742652128,,0.8020653095880569,,,,,,,,,proteinmpnn,omegafold,96,5,,MELFKKAIKRAKELGVKNAEDLKAELEKYGAFEEAVAALKAEVDKEGEKSKEERIEIATKLVTEEEDELTRKIVAEML,1280,,GGGGGGGGGG--------GGGGGGGGGG--GGGGGGGGGG-------------GGGGGGGGGG-----GGGGGGGGGG,50.0,0.0,h5n_n_96,-HHHHHHHHHHHHHT--SHHHHHHHHHHTT-HHHHHHHHHHHHHHT-S--HHHHHHHHHHHH-SS--HHHHHHHHHH-,-2.2284,-31.527258110528017,51.60904684975768,9.785029282116444,variable_linkers_h5n_n,MGSSHHHHHHSSGENLYFQSGSMELFKKAIKRAKELGVKNAEDLKAELEKYGAFEEAVAALKAEVDKEGEKSKEERIEIATKLVTEEEDELTRKIVAEML,11295.589080000002,2560,True,False,,,False,,,,,,,,,,,1
E8,variable_linkers_h6i_i_i,ATGGGCAGCAGCCATCATCATCATCATCACAGCAGCGGCGAGAACTTATACTTTCAGAGCGGATCCATGGAGGAATTACGCGCACACATGGCAGAATGTTTAGAGATTGCCCGTGAACGCGGCAACGAGCGGGCCGCCCGCGTCTGTGAGGCGATTCTCAATGCAAATACGGCGGAACATGAGAAGATGGCAGCAGCTCTGGAAACTGGTGAGGACATGGACGGTTTGGCAGCGATTCTCAGTAAAGCTGGCGGTATTACGCCAGAGTTATTCCGTGCGCTGATGGCAGAATTGCTGGCAGAACTTGAAGCGCGGGGCCGGGCGAAGGATTTCCGCGCTTACGCTGCCCGGATTGCGGCCTAACTCGAG,h6i_i_i,20.93163265306122,3.612244897959184,-228.1071342304349,-2.3276238186779072,4.900000000000004,-5.322039675120614,,10628.069480000002,98,,,,1.9,0.71479,0.49699,1.9193884212515904,,0.746713090272865,,,,,,,,,proteinmpnn,omegafold,30,6,,MEELRAHMAECLEIARERGNERAARVCEAILNANTAEHEKMAAALETGEDMDGLAAILSKAGGITPELFRALMAELLAELEARGRAKDFRAYAARIAA,1280,,GGGGGGGGGG------------GGGGGGGGGG-----GGGGGGGGGG---GGGGGGGGGG-----GGGGGGGGGG-------------GGGGGGGGGG,60.0,0.017,h6i_i_i_30,-HHHHHHHHHHHHHHHHHT-HHHHHHHHHHHHS-HHHHHHHHHHHHHS--HHHHHHHHHTTT---HHHHHHHHHHHHHHHHHTT--SHHHHHHHHHH-,-1.6701,-51.70475637435832,51.81326116373478,8.014350037148002,variable_linkers_h6i_i_i,MGSSHHHHHHSSGENLYFQSGSMEELRAHMAECLEIARERGNERAARVCEAILNANTAEHEKMAAALETGEDMDGLAAILSKAGGITPELFRALMAELLAELEARGRAKDFRAYAARIAA,13070.56968,2560,True,False,,,False,,,,,,,,,,,1
E9,variable_linkers_h6n_n_n,ATGGGCAGCAGCCATCATCATCATCATCACAGCAGCGGCGAGAACTTATACTTTCAGAGCGGATCCATGGAAGAATTTGCGAAAGTCCTGTTGAGCGGTTCGGGTGAAGAGATTCTGAAAGGTATCGACGAAGTGCTGAAGGAGCCAAATGGGTACGAGAAATTGGAGGAAGCCTTAAAGAAATTGGGCGTGGAAAACGCTGAGGAAATTGCTGAGGCTCTTCGTACGGGCGAGGGCTTCGAGGAAATCGCCAAAGCACTGAAAAAGGCTAAGAGTGGTGAAGAAATTGCAGAGCTGTTAAAAAAGTAACTCGAG,h6n_n_n,21.458749999999988,3.35,-135.67350715398788,-1.6959188394248486,4.500000000000004,-7.197979382324428,,8760.92178,80,,,,3.41,0.51682,0.44169,3.838239158286676,,0.7193653803351551,,,,,,,,,proteinmpnn,omegafold,74,6,,MEEFAKVLLSGSGEEILKGIDEVLKEPNGYEKLEEALKKLGVENAEEIAEALRTGEGFEEIAKALKKAKSGEEIAELLKK,1280,,GGGGGGGGGG--GGGGGGGGGG-------GGGGGGGGGG-----GGGGGGGGGG---GGGGGGGGGG---GGGGGGGGGG,60.0,0.05,h6n_n_n_74,-HHHHHHHHHS-HHHHHHHHHHHHTSTTHHHHHHHHHHHTT-TTHHHHHHHHHHTTTHHHHHHHHHH--SHHHHHHHHH-,-2.0696,-45.81681217094344,52.60260586319218,4.9099252585818975,variable_linkers_h6n_n_n,MGSSHHHHHHSSGENLYFQSGSMEEFAKVLLSGSGEEILKGIDEVLKEPNGYEKLEEALKKLGVENAEEIAEALRTGEGFEEIAKALKKAKSGEEIAELLKK,11203.42198,2560,True,False,,,False,,,,,,,,,,,1
E10,variable_linkers_l4iin,ATGGGCAGCAGCCATCATCATCATCATCACAGCAGCGGCGAGAACTTATACTTTCAGAGCGGATCCCTTGAGGAAGCGTTAAAGGAGTTAGATGGCGAGGGTGAAGCGGCGGAGTTGGCACGGGAGGCACGCGAGAAGTGCAAGGAGGATGAAGAATTTCGTAAAGAGTTAGAAAAAAAACTGAAGGGCTACAGCAAGGAAAAGGCTGTGGAAGTCCTGAAAGAGTAACTCGAG,l4iin,21.44339622641508,3.2452830188679247,-104.201374232769,-1.9660636647692264,4.600000000000003,-5.31027480355588,,6152.848279999999,53,,,,2.04,0.62813,0.53989,2.98874445964646,,0.6654977901088694,,,,,,,,,proteinmpnn,omegafold,91,4,,LEEALKELDGEGEAAELAREAREKCKEDEEFRKELEKKLKGYSKEKAVEVLKE,1280,,GGGGGGGGGG--GGGGGGGGGG---------GGGGGGGGGG--GGGGGGGGGG,40.0,0.05,l4iin_91,-HHHHHHH-SSSHHHHHHHHHHHHHHH-HHHHHHHHHHHTT--HHHHHHHHH-,-3.3965,-26.19448634154516,48.181395348837206,12.095972150891695,variable_linkers_l4iin,MGSSHHHHHHSSGENLYFQSGSLEEALKELDGEGEAAELAREAREKCKEDEEFRKELEKKLKGYSKEKAVEVLKE,8595.34848,2560,True,False,,,False,,,,,,,,,,,1
E11,variable_linkers_l4inn,ATGGGCAGCAGCCATCATCATCATCATCACAGCAGCGGCGAGAACTTATACTTTCAGAGCGGATCCCGGGAACTTATCGTGGAAGCAGCACGTACTGGCGAACTTGAAGAAGCGCGTGAAGCAGTAGAACGGGCCGGGCTCTCACGGGAAGAAATCCGTGAAATTCTGCGTGAAGCTGGCTTTGAGGAGGAAGCCGAGGAGTGGGTCGAGCGGCTGTAACTCGAG,l4inn,21.109999999999985,3.72,-81.92934504523873,-1.6385869009047749,4.200000000000003,-9.188749869070609,,5855.357179999999,50,,,,2.53,0.52139,0.4715,3.87189737415729,,0.5149672570372168,,,,,,,,,proteinmpnn,omegafold,41,4,,RELIVEAARTGELEEAREAVERAGLSREEIREILREAGFEEEAEEWVERL,5690,,GGGGGGGGGG--GGGGGGGGGG-----GGGGGGGGGG---GGGGGGGGGG,40.0,0.0,l4inn_41,-HHHHHHHHHT-HHHHHHHHHHHT--HHHHHHHHHHTT-HHHHHHHHHH-,-2.6597,-25.700018616914225,49.98540145985402,0.3196556138494164,variable_linkers_l4inn,MGSSHHHHHHSSGENLYFQSGSRELIVEAARTGELEEAREAVERAGLSREEIREILREAGFEEEAEEWVERL,8297.857380000001,6970,True,False,,,False,,,,,,,,,,,1
E12,variable_linkers_l5iiin,ATGGGCAGCAGCCATCATCATCATCATCACAGCAGCGGCGAGAACTTATACTTTCAGAGCGGATCCAAGTTAGAGGAGGTAGCAAAACTCTTAGACATCAATAATACTGAAGAGGGGAAGAAGGCGTTGGAAGCATTGAAAAAAAAGGAGGATTATGAGCTCTTAAAGAAGTACGTCGAGTCCCTTCCTGAAGACCTTAGTGAGAAGGACAAGGAGTTGCTGGAAAAATTCAAAGAGGCCGCCAAGAAGGCCACTACGATCGAAGAGTTGGAAAAACTCCTGGAAGAGTAACTCGAG,l5iiin,22.53378378378377,3.2432432432432434,-131.6590837240219,-1.7791768070813772,4.600000000000003,-6.203099454336814,,8621.78338,74,,,,1.51,0.73527,0.5561,1.7776261422484172,,0.6596305402685362,,,,,,,,,proteinmpnn,omegafold,83,5,,KLEEVAKLLDINNTEEGKKALEALKKKEDYELLKKYVESLPEDLSEKDKELLEKFKEAAKKATTIEELEKLLEE,2560,,GGGGGGGGGG-----GGGGGGGGGG----GGGGGGGGGG------------GGGGGGGGGG---GGGGGGGGGG,50.0,0.02,l5iiin_83,-HHHHHHHHTTT--HHHHHHHHHHHTT--HHHHHHHHHHS-S-S-HHHHHHHHHHHHHHHH-SSHHHHHHHHH-,-2.546,-43.73167044595616,52.07603305785124,6.029315763776431,variable_linkers_l5iiin,MGSSHHHHHHSSGENLYFQSGSKLEEVAKLLDINNTEEGKKALEALKKKEDYELLKKYVESLPEDLSEKDKELLEKFKEAAKKATTIEELEKLLEE,11064.283579999998,3840,True,False,,,False,,,,,,,,,,,1
F1,variable_linkers_l5inni,ATGGGCAGCAGCCATCATCATCATCATCACAGCAGCGGCGAGAACTTATACTTTCAGAGCGGATCCATGAAAGAAAAATACGCGAAACTCCTCGAAGAGGTGGCTAAAGAGACCAATGAGGTTATGAAGGAAATTGCCGAAATGCTGAAGAACGTGGACGAAGAAAACCCTCTGGAGGATCTCAAAAAGAAGATCATGGAGAAGTTCGGCGCATCGGAAGAGGTTGCCGAAGAGTTTGCAAAGGCCCTTAAGGCTGGTGACAAAGAAAAGTTGAAGAAATGCGTTAAAAAGATCCTTGAATAACTCGAG,l5inni,23.116666666666653,2.8846153846153846,-142.48122312128544,-1.826682347708788,5.200000000000004,-2.3152906984347754,,9001.48438,78,,,,1.21,0.80701,0.5659,1.3816423707505403,,0.7649820710349167,,,,,,,,,proteinmpnn,omegafold,22,5,,MKEKYAKLLEEVAKETNEVMKEIAEMLKNVDEENPLEDLKKKIMEKFGASEEVAEEFAKALKAGDKEKLKKCVKKILE,1280,,GGGGGGGGGG--------GGGGGGGGGG------GGGGGGGGGG--------GGGGGGGGGG------GGGGGGGGGG,50.0,0.0,l5inni_22,-HHHHHHHHHHHHHHH-HHHHHHHHHHHTS-SS-HHHHHHHHHHHHH---HHHHHHHHHHHHHT-HHHHHHHHHHHH-,-2.4968,-59.41694049280397,53.35463258785943,7.921111634720971,variable_linkers_l5inni,MGSSHHHHHHSSGENLYFQSGSMKEKYAKLLEEVAKETNEVMKEIAEMLKNVDEENPLEDLKKKIMEKFGASEEVAEEFAKALKAGDKEKLKKCVKKILE,11443.98458,2560,True,False,,,False,,,,,,,,,,,1
F2,variable_linkers_l5innn,ATGGGCAGCAGCCATCATCATCATCATCACAGCAGCGGCGAGAACTTATACTTTCAGAGCGGATCCATGAAGAAGAAGGTCGCAAAGCAGCTCGAAGAAGGCAAGGTCGACCCGGAATTACTTGCCAAGGTCTATAAAGAGCTGACAGGCGATGAGTCGACGGCCAAAATTGTCGCTAAAGTGGCAAAAAAGAAATTGAGTAAGGAGGAATTAGCTAAGGAAATGAAAAAGGAAGGTGTGACCATCTCCGCTAAAGCTCTCGAAAAGTTATAACTCGAG,l5innn,22.37794117647058,3.264705882352941,-122.1375236660242,-1.7961400539121204,10.100000000000009,5.7913951603575,,7527.92468,68,,,,1.87,0.68571,0.56073,2.316739811561313,,0.7881167130698419,,,,,,,,,proteinmpnn,omegafold,35,5,,MKKKVAKQLEEGKVDPELLAKVYKELTGDESTAKIVAKVAKKKLSKEELAKEMKKEGVTISAKALEKL,1280,,GGGGGGGGGG-----GGGGGGGGGG-------GGGGGGGGGG---GGGGGGGGGG---GGGGGGGGGG,50.0,0.0,l5innn_35,-HHHHHHHHHTT---HHHHHHHHHHHH--HHHHHHHHHHHHT---HHHHHHHHHHTT----HHHHHH-,-2.4834,-57.85827848919593,50.84571428571429,12.61752113544378,variable_linkers_l5innn,MGSSHHHHHHSSGENLYFQSGSMKKKVAKQLEEGKVDPELLAKVYKELTGDESTAKIVAKVAKKKLSKEELAKEMKKEGVTISAKALEKL,9970.42488,2560,False,False,,,False,,,,,,,,,,,1
F3,variable_linkers_l5niin,ATGGGCAGCAGCCATCATCATCATCATCACAGCAGCGGCGAGAACTTATACTTTCAGAGCGGATCCGTAGACGAGTATTGCGCTGCGCTCCGCAAGGCGGGGTCCGAAGAGGCGTGTGAGGCTCTCCGCAAAGTAGCCGAGGGCACGGGCGATTTCGAGGAGTTTAAAGCGTTATGCGCCAGTATTCCTGAAGACAAGTTTGACGGGCCTCTTGCCGAACTGAAGGCGATTTGTGCGTCTGCCTCAGGTGACGGCCTCGCGAAGCTCCGTGAACTGCTGGCATAACTCGAG,l5niin,20.58333333333333,3.611111111111111,-150.05748963356018,-2.0841318004661136,4.3000000000000025,-6.646470349198936,,7563.48748,72,,,,2.46,0.60042,0.47569,2.9434711163713545,,0.4797712350887482,,,,,,,,,proteinmpnn,omegafold,55,5,,VDEYCAALRKAGSEEACEALRKVAEGTGDFEEFKALCASIPEDKFDGPLAELKAICASASGDGLAKLRELLA,1280,,GGGGGGGGGG---GGGGGGGGGG-------GGGGGGGGGG---------GGGGGGGGGG---GGGGGGGGGG,50.0,0.02,l5niin_55,-HHHHHHHHHTT-HHHHHHHHHHHTT-S-HHHHHHHHHTS-GGG--THHHHHHHHHTS-TTHHHHHHHHHH-,-1.7238,-50.84018396090831,52.24288425047438,-0.2525988013044304,variable_linkers_l5niin,MGSSHHHHHHSSGENLYFQSGSVDEYCAALRKAGSEEACEALRKVAEGTGDFEEFKALCASIPEDKFDGPLAELKAICASASGDGLAKLRELLA,10005.987679999998,2560,False,False,,,False,,,,,,,,,,,1
F4,variable_linkers_l6innni,ATGGGCAGCAGCCATCATCATCATCATCACAGCAGCGGCGAGAACTTATACTTTCAGAGCGGATCCGGGGAAGAAGCCCTCGAAGCTCTCCGGCGGGGCGAGGTCGAGCCTTTGGTTGAGCTTTTACGTGCTGCCGGGTTGGAAGAGGAGAAAGCGGAAGCCATTGGGGAGGCCCTTGCTGAAACTGAGTCATTGGAAGAAGCCGCAGAAGCTCTCTCCGAATTCGGGGATGGGGAACGGGTGCGGGAAGCGTGGCGTCGGGGGGAGTGGGAGGAAGCCGCACGTTTGTTACGGGAATAACTCGAG,l6innni,20.153246753246748,3.805194805194805,-130.66515858471394,-1.6969501114897914,4.100000000000003,-14.185076481712514,,8578.26988,77,,,,2.48,0.64331,0.5439,2.8528123080000887,,0.3926637766550027,,,,,,,,,proteinmpnn,omegafold,27,6,,GEEALEALRRGEVEPLVELLRAAGLEEEKAEAIGEALAETESLEEAAEALSEFGDGERVREAWRRGEWEEAARLLRE,11380,,GGGGGGGGGG--GGGGGGGGGG-------GGGGGGGGGG---GGGGGGGGGG---GGGGGGGGGG--GGGGGGGGGG,60.0,0.05,l6innni_27,-HHHHHHHHTT-HHHHHHHHHHTT--HHHHHHHHHHHHT--SHHHHHHHHTTSSSHHHHHHHHHTT-HHHHHHHHH-,-2.2503,-44.05563786008232,52.38474295190713,1.8558749457756256,variable_linkers_l6innni,MGSSHHHHHHSSGENLYFQSGSGEEALEALRRGEVEPLVELLRAAGLEEEKAEAIGEALAETESLEEAAEALSEFGDGERVREAWRRGEWEEAARLLRE,11020.77008,12660,True,True,True,medium,True,,,,,,,,,,,1
F5,variable_linkers_l6niiin,ATGGGCAGCAGCCATCATCATCATCATCACAGCAGCGGCGAGAACTTATACTTTCAGAGCGGATCCATGGAGAAAATTTTCGCGGCCCTGAAAGAAGCCTCCAAAAAAAAGAGTGGCAAAGCTATCGTTGAGGCACTTAAGAAAGTGGCTGCGGAAGTGGACCTCAGTCCTGAGGAAAAAGAAGCCGTCGAAAACATCGAGACCGGCTCAGACGCGGAAAAGATTAGTGAAATCTTTGCAAAATGGAAGGAGAAAGCGACAGATCCGGAGGCCAAAGAAATCCTGGATAAGGTGTCAGAAAATTTAAGTTTTGAGGGGCTTGTTGAGGCCCTTATTAAATAACTCGAG,l6niiin,21.909890109890103,3.241758241758242,-180.896569699049,-1.9878743922972413,4.700000000000003,-5.199824320947069,,9991.33148,91,,,,3.04,0.52976,0.42134,3.190446593001332,,0.8090561779324703,,,,,,,,,proteinmpnn,omegafold,61,6,,MEKIFAALKEASKKKSGKAIVEALKKVAAEVDLSPEEKEAVENIETGSDAEKISEIFAKWKEKATDPEAKEILDKVSENLSFEGLVEALIK,5690,,GGGGGGGGGG------GGGGGGGGGG----------GGGGGGGGGG---GGGGGGGGGG---------GGGGGGGGGG---GGGGGGGGGG,60.0,0.033,l6niiin_61,-HHHHHHHHHHHHTT-HHHHHHHHHHHHHHTT--HHHHHHHHTTTTTTTHHHHHHHHHHHHHH---HHHHHHHHHHHH--SHHHHHHHHH-,-1.7473,-53.28935330836454,55.72610556348074,13.089676972863597,variable_linkers_l6niiin,MGSSHHHHHHSSGENLYFQSGSMEKIFAALKEASKKKSGKAIVEALKKVAAEVDLSPEEKEAVENIETGSDAEKISEIFAKWKEKATDPEAKEILDKVSENLSFEGLVEALIK,12433.831679999998,6970,True,False,,,False,,,,,,,,,,,1
F6,variable_linkers_s6,ATGGGCAGCAGCCATCATCATCATCATCACAGCAGCGGCGAGAACTTATACTTTCAGAGCGGATCCGGCAAGGAGTTCTGTGAAGCCTTGAAAAACAAAAACAGCGAGAAGCTGAAGCCTTACGCAGAAGCTCTCAAGAACGGTGATCCTGAGCTTCTTGCTAAATTTGTCGCGGCCTTAAAGGCCGGGACTTGCCCAGAATTTAGCGCTGAGTTGGCAGGTGCAAAGAAAGGCAAGGTAAGCGAGAAAGGGAAAGAATACGCCGAAGTATTTAAGGAGAAAAGCGGCATCTCCCGCGAAGAGTTAGTTGCGAAAATCGCGGCCTAACTCGAG,s6,21.92093023255813,3.3488372093023258,-178.2887960076332,-2.07312553497248,8.900000000000007,2.5691900748083105,,9232.54908,86,,,,2.36,0.6507,0.5108,2.552486710871371,,0.6611924051456561,,,,,,,,,proteinmpnn,omegafold,1,6,,GKEFCEALKNKNSEKLKPYAEALKNGDPELLAKFVAALKAGTCPEFSAELAGAKKGKVSEKGKEYAEVFKEKSGISREELVAKIAA,2560,,GGGGGGGGGG-----GGGGGGGGGG-----GGGGGGGGGG--GGGGGGGGGG---------GGGGGGGGGG-----GGGGGGGGGG,60.0,0.05,s6_1,-HHHHHHHHTT-HHHHHHHHHHHHTT-HHHHHHHHHHHHHTSSHHHHHHHHHHHTT---HHHHHHHHHHHHHH---HHHHHHHHH-,-2.0781,-48.10797914207004,53.21604938271605,9.398211940810825,variable_linkers_s6,MGSSHHHHHHSSGENLYFQSGSGKEFCEALKNKNSEKLKPYAEALKNGDPELLAKFVAALKAGTCPEFSAELAGAKKGKVSEKGKEYAEVFKEKSGISREELVAKIAA,11675.04928,3840,False,False,,,False,,,,,,,,,,,1
