Well Position,Name,Sequence,orientation_code,isoelectric_point,charge,mass,sequence_length,mean_plddt,mean_pae,ptm,tm_rmsd100,dp_finder_total_cost,sequence_molar_extinction_280,received_from_idt,transformation_attempted,transformation_successful,expression_levels,large_scale_expressed,A280_after_NI_NTA_IMAC,molar_conc_after_NI_NTA_IMAC,mg_per_ml_after_NI_NTA_IMAC,mg_after_NI_NTA_IMAC,volume_after_sec,A280_after_SEC,molar_conc_after_SEC,mg_per_ml_after_SEC,mg_after_SEC,cd_sample_A280,cd_sample_molar_conc,cd_path_length_mm,saxs_submitted,crystal_plate,crystal_position,crystal_date,crystal_A280,crystal_molar_conc,crystal_mg_per_ml
A1,no_disulfide_b3iii,ATGGGCAGCAGCCATCATCATCATCATCACAGCAGCGGCGAGAACTTATACTTTCAGAGCGGATCCAAAAAGGAGGAAATTCGCCGTTATCTCCGCGAGGTTCGCCGCCGCTTGGAAGCGGGCGAACCTCTCAGCGAGGAACAGCTCCGGGCTATCGAAGAGGCGCGTGAATGGCTTGAGGAAAATCGTGAGGAGTATCCTGAGGAATATGAAATTGTCGAGGAAGCCCTGAAGTCATTGTAACTCGAG,b3iii,4.500000000000004,-7.195539447570412,7218.91718,58,85.56793103448275,4.153379904875149,0.6,1.4430283892900602,1.5728293114248977,9530,True,True,True,low,True,,,,,3.4,0.82,7.585568917668825e-05,0.7328734737835335,2.491769810864014,0.173,1.600370027752081e-05,1,True,3.0,1.0,2025-04-17,13.82,0.001278445883441258,12.351599277668821
A2,no_disulfide_b3nnn,ATGGGCAGCAGCCATCATCATCATCATCACAGCAGCGGCGAGAACTTATACTTTCAGAGCGGATCCTCGGACGAGGAGTTATTAGCTGCCGCGCGTGCCTGGTATGCAGAACGGGGGCTGGGGCCAGTTCCTGAAGCAGAATTGCGGGCAGATGCTGAGCGTGTAGCACGCGACATCGCGGGCGCCGCTGATCGGGAAGCCGCATTGCGTGCAGGTTTTGATCGGTGGTTGGCCGCCCGGTAACTCGAG,b3nnn,4.500000000000004,-3.196934943707745,6293.8911800000005,58,87.43758620689654,3.5512514863258025,0.68,1.4430283892900602,1.5478596212142837,12660,True,True,True,none,False,,,,,,,,,,,,1,False,,,,,,
A3,no_disulfide_b4iiiix,ATGGGCAGCAGCCATCATCATCATCATCACAGCAGCGGCGAGAACTTATACTTTCAGAGCGGATCCGGTGAGTGGGTTGAGCGGTACCGCGAGTTGTTGGAGTATGCAGTAGAATACCTTGGCGAGCCGCGCTACGAAGAGCTTCGTGAGACTTGTATCCGGTTGGGTGGCATCGACCCAAGTCTGTCTGAAGAGGAACTCCGCGAGCGCATCCGTGAATTATTGGAGCGCTCTATTCCGCGTGTAGCGGCGGGTGAAGAACCAGAACTCCGCGCGGTATTAGAACGCTTGCTTGCGGAACGCTAACTCGAG,b4iiiix,4.400000000000003,-8.306272252195294,9399.488980000002,79,85.2953164556962,4.178288735779522,0.71,1.1562805780290497,1.2332897904426472,10810,True,True,True,low,False,,,,,,,,,,,,1,False,,,,,,
A4,no_disulfide_b4iiiiy,ATGGGCAGCAGCCATCATCATCATCATCACAGCAGCGGCGAGAACTTATACTTTCAGAGCGGATCCAGCCTGGAAGAATTTAAGGAATATGTGAAAAAGCAGACCGACTTGGATAGTCCTCTTTTGCCGTGGATTCAGAAATGGTGCGAAGATCCGTCCGACGAGGAGTACACGGCGGAATTGCGCGAGAAGCTCGCAAAGGCCGACGATAGCTATCCTGAGTTGACCGCGTGGGCGCGCAAGTATTGCGACTCATAACTCGAG,b4iiiiy,4.100000000000003,-7.42989697299788,7503.211979999999,63,87.2536507936508,3.91896447467876,0.71,1.2353990941179884,0.7667837365247814,22190,True,True,True,none,False,,,,,,,,,,,,1,False,,,,,,
A5,no_disulfide_b4iiin,ATGGGCAGCAGCCATCATCATCATCATCACAGCAGCGGCGAGAACTTATACTTTCAGAGCGGATCCTCACGGTATGCCGAGGCTTTGGAGCTGATCCGGGCCAAACTCCCGGATACGCCGGAAGGGCGGGAACTCCTCGCGGCCTTGGAGGCAGGCACATTCGATCCAGAGTGGGCCATCGCATGGTTACGGGAGGCAGGTTTCTCTGAGGAAGAATTGGCGTATCTGGTGGGGGTGCTCGAAGAGGCAGCAGGTTAACTCGAG,b4iiin,3.9000000000000026,-9.196621570356324,6905.640079999998,63,89.29873015873017,3.126344167296548,0.7,1.2614074960994195,0.9531679088966838,13940,True,True,True,high,False,,,,,,,,,,,,1,False,,,,,,
A6,no_disulfide_b4inin,ATGGGCAGCAGCCATCATCATCATCATCACAGCAGCGGCGAGAACTTATACTTTCAGAGCGGATCCTCTCTGGAGGAACTGATCGAAAAAATTGAAAAATTTAACAACCTCGAAAATCCTACCGAGGAAGAGCTGGAGGAGCTCATTGAGCTCTTAAAAGAATGGTGTGAGGAACTTGGTGTAGAAGAAGAGAAGAAAGAGGAGCTGTTAGAACTGCTCTACGAGTGGTATAATAGCGAAGAAAATCGCGAAGAGAAGACAAAGGAGCTCATCGAAAAGCTCAAGGAAGTTTACGAGGAGGCGTAACTCGAG,b4inin,4.000000000000003,-20.303951348976494,9720.646979999998,79,91.40113924050632,3.190729049831757,0.75,0.6688289618011168,0.8421237251490273,15220,True,True,True,low,False,,,,,,,,,,,,1,False,,,,,,
A7,no_disulfide_b4innn,ATGGGCAGCAGCCATCATCATCATCATCACAGCAGCGGCGAGAACTTATACTTTCAGAGCGGATCCCCTCTTGATCCAGAGGCCGTTCGCGCTTGGTTACGCCGTGCTTTGGCAGAACTCCAGGCCGAAGGTCTTGCAACACCTGCACTCGTGGCTGCAGTAGAAGCCCACGCAGACGAGATCGCCGGTGCGGACGCTGAAGGGGCCGCGGCGCTGCTCCGCCGTCTGTGTGCAGAGGTCGGTGCTTCACCAGAACTTACAGAGCGGCTGCTGGCTCTTTGGGAGGAGTTCGTAGCATCACAGTAACTCGAG,b4innn,4.100000000000003,-8.256533563416193,8302.30618,79,91.91088607594936,2.788187790418202,0.79,1.519035269175418,1.5193678563201527,11380,True,True,True,medium,False,,,,,,,,,,,,1,False,,,,,,
A8,no_disulfide_b4nnnnx,ATGGGCAGCAGCCATCATCATCATCATCACAGCAGCGGCGAGAACTTATACTTTCAGAGCGGATCCTGGGAGGAGTTGGAGGAGGCTGTCCGTTGGCTCCGGGAGCGCCTTCCAGACCTGACCGAAGAGCAGCACATCGAGTATATTCGGCGGTATGCTGAGGAAGGGCCGGATGATTTATCGCCTGAAGTCCGTGAGGCTCTGGAAGAGCTTCGGCCTTTGATTGAACGCTATGGCGAAGAAGAAGTCATCGAGGCCCTGCGGCGGTATTATCGGGAATAACTCGAG,b4nnnnx,4.200000000000003,-12.148348822768943,8860.65328,71,90.07323943661972,3.399583415988892,0.72,0.8808394954676125,1.1534968424462535,17780,True,True,True,low,False,,,,,,,,,,,,1,False,,,,,,
A9,no_disulfide_b4nnnny,ATGGGCAGCAGCCATCATCATCATCATCACAGCAGCGGCGAGAACTTATACTTTCAGAGCGGATCCATGAGCCGGGAGGAAAAAATTAAACTTCTGAAGGAGAAGGGCTATAATCTTTCGCGCGAGGAACTCATTAAACTCATTCTGGAAGAATATGGCTACGATACCGAAGAGACTAAGGAGTTGCGGGAAAAGGCGTACGAGGAATTGAAGAAACTGGATTGGAATCTCTCCCGGGAGGAGCTGATCGAGCAAATGGTAGAAGTCATCGACAGTTTATAACTCGAG,b4nnnny,4.500000000000004,-7.2028152164754085,8651.77758,71,89.28774647887325,3.763205713152152,0.69,1.194563151387584,0.634757785661163,10810,True,True,True,super_high,True,6.2,0.0005128205128205128,5.689373220512819,18.205994305641024,5.1,2.18,0.00018031430934656743,2.000457035599669,10.20233088155831,0.168,1.3895781637717123e-05,1,True,1.0,1.0,2025-04-11,19.4,0.0016046319272125722,17.802232335153015
A10,no_disulfide_b5iiiin,ATGGGCAGCAGCCATCATCATCATCATCACAGCAGCGGCGAGAACTTATACTTTCAGAGCGGATCCATGGACCTCGACAAGGGTTTGGAAGAGCTTATTGAACGTATTAAAAAAGGCGAGGCGCTCGAAGAACTGAAGAAATTCGGGAAGGAAGCGAAAAACCTCCCTAAGGAGGTGAAGGAAATCCTTGAGAAGTTGGAAAAAGGCGAAGCGACAATCGAGGAGGTAGTCGAGATGTGGGAAAAGCTCAAGAAAAACTACAAGGAGTGGGGGATCGAGGAACAATTGGAGAAATTACTCAAGTCCTAACTCGAG,b5iiiin,4.900000000000004,-4.200797946586396,9471.93758,80,88.10325,4.0465265625,0.69,1.0918158309495822,1.038666654840521,12660,True,True,True,medium,False,,,,,,,,,,,,1,False,,,,,,
A11,no_disulfide_b5iinin,ATGGGCAGCAGCCATCATCATCATCATCACAGCAGCGGCGAGAACTTATACTTTCAGAGCGGATCCAGCCGGGAAGAGTTATTGGAACTCGCGAAGAAACTGCTTGAAGCGATCAAATCTGAGGAATTGAAAGAAGAATGGAAGGAGCTGCTTGAAGAAATCCTTGAAAACGGTTTGAATGAGGAACTGCTGAAGCGGTGGGAGGAGTGGCTGGAGAAGCTGGAGAAGGAGGGGCTCTCGGAGGAGGAGAAGGAGCGCTTAATTGAAGCACTGCGTGAACTGCAAGAATGGTGGAAAGATCCATCAAAGCGTGAAGAACTGCGCGAACTGTTGGAAGAGATCCTGTCGCTCATTTAACTCGAG,b5iinin,4.3000000000000025,-15.186799580468278,11798.28088,96,89.48541666666665,3.621901041666667,0.74,0.9085442951183657,0.777485666478402,28450,True,True,True,high,True,6.565,0.0002208207198116381,3.144659528765557,10.062910492049783,5.1,2.478,8.335015136226035e-05,1.1869712585348136,6.053553418527549,0.569,1.9138916918937098e-05,1,False,,,,,,
A12,no_disulfide_b5ininn,ATGGGCAGCAGCCATCATCATCATCATCACAGCAGCGGCGAGAACTTATACTTTCAGAGCGGATCCATCAAGGAGCTCGTCTACAAAACGATTGAAAAACTGCTGGAGAATATCGATAAGAAAGAGACTGCAGAGAAGTGGAAGGAATATATTAAGTGGCTTGAAGAGAAAGGCTTGTCCAAGGAAATTCGTGACGAGTGGATTAAGTTAATCGAGGAAATGGAAAAAGGGATGGACAAGGAAGAGGCAAAGAAACGGGCCTATGAGTTGGCCGACAAGGCCCTCGAAGATCTGCTTAAGAAGCATTCCAAGGAGGAAGTTGAGGAACTTATTCGCGAAGTTGAGTCAAAATTGTAACTCGAG,b5ininn,5.000000000000004,-5.156636998526532,11650.33818,96,90.5996875,3.3122753906249995,0.77,0.8370857550528761,0.5612212060466296,20910,True,True,True,super_high,True,13.41,0.0006043262730959892,8.516672495529516,27.25335198569445,5.1,4.93,0.00022217214961694457,3.131036197088778,15.968284605152768,0.395,1.78008111762055e-05,1,True,2.0,1.0,2025-04-14,36.56,0.0016475890040558811,23.219205550824693
B1,no_disulfide_b5innnn,ATGGGCAGCAGCCATCATCATCATCATCACAGCAGCGGCGAGAACTTATACTTTCAGAGCGGATCCTCTGCTGAACTGCGGGCGCTTGCTGAAGAGCTTCTTGCTCGCCTCGCTGATCTCCCGCCAGAGGACCTCGCGGCTTTAGTCGAATATCTCTACGCCCGGGAAGGCTGCGGCAGTCGGGAAGCAGTGCACGCCGCCATCCGTGAAGCTGCTGCTGCTGGGTTGGACCGGGATGTGGAAGCAGTCCTCGCAGCCTGGGATGAAGTTTATTCGCGTCTGGGGCCGGACGCAGAAGCGCAAATGCGGGAATTGTTGGCACTTCTCGCCTCACGTTAACTCGAG,b5innnn,4.200000000000003,-9.261291549710702,9689.82478,90,88.61711111111111,3.726748148148148,0.77,0.7600390532872134,0.5537002250290931,9530,True,True,True,low,False,,,,,,,,,,,,1,False,,,,,,
B2,no_disulfide_b6iiniin,ATGGGCAGCAGCCATCATCATCATCATCACAGCAGCGGCGAGAACTTATACTTTCAGAGCGGATCCTCCGAGGAACTCAAAAAATATGCAGAACGGGTAGCGAAGGCGCTTGCCGAGGGGAAGCTCGAAGGTTATTTGAAACTGGTAGAGGAATGGTCCAAAGTAGACAAACCTTTTTCCAAGGAGAACTTCAAAGAGATGCTGGAGAAGGCGCTTTCTACGGAGGAAGCAAAAGAGGATAAAGAACTCAAGGAGGCCCTGGAGTATATCCTCGAAAATCTGGACGAATGGTCCTTAGATGAGATTAAAGAGTACCTGGAATATGCGCTCAAACTGGCGAAGGAATACGGGGTGGAAGAGTACACAAAGTATTTGGAAAAGTTATTATCAAAATAACTCGAG,b6iiniin,4.500000000000004,-9.212325675590236,12921.547779999995,109,87.17284403669723,4.09558118003535,0.75,1.9269691202448265,0.7412705981368797,21620,True,True,True,high,False,,,,,,,,,,,,1,False,,,,,,
B3,no_disulfide_b6ininin,ATGGGCAGCAGCCATCATCATCATCATCACAGCAGCGGCGAGAACTTATACTTTCAGAGCGGATCCATGGAACTCGTATATGAATATGTAGAGAAGTTACTTTCGCTTTCGCATGAAGAACGCCGCGAATACTTATATAAAGAAGCACAGAAAGCATCCGAGGAACTGGGCTACCCTCCAGTAGAGACACTCTACGAGTGGTGGGATTACCTTTTGAAGAACCTGAGTGAAGAGTTAAAGGAACGTGTCCATGCTTTTGTAGAGGCCTTGTGGAACGGCGACGAGGAAACCACTCGCGCAACGGCTTTTCCTGTTTGGGAGGAAATCCTTGAGGCCCTGAGCGAAGAAGAACGGGAGAAACTTCTGGAACTGGTAAAAAAGTGGTATGCGGAATAACTCGAG,b6ininin,4.3000000000000025,-15.108405279309368,13248.68178,109,88.0662385321101,3.853251409813989,0.74,1.179190058657282,0.7217460398391277,38690,True,True,True,high,True,9.067,0.0002268451338503878,3.559468276523893,11.390298484876459,3.4,2.939,7.353014761070804e-05,1.153774927175882,3.9228347523979985,0.764,1.911433575181386e-05,1,False,3.0,2.0,2025-04-17,37.62,0.0009412059044283212,14.768633127035274
B4,no_disulfide_b6inninn,ATGGGCAGCAGCCATCATCATCATCATCACAGCAGCGGCGAGAACTTATACTTTCAGAGCGGATCCATGAGTATGCACGAAATCATCGACTCGATGGATGTCTCTCCAGAAGTCCGTGCTCTGCTTCGTGAATGGTGGGATCGTATGCTGGCTCGGCGTGAAGATGTGGATGCGTGGCTCGCTATGGTACGTTCTTGGGGGCTGTCAGAACACCTGTTGCCTCTCTATGAGGAATGGGTCCGCAAGGTTTTCGACGGTACCGCGACGACGGAAGAAACGCTTGAAATGTGGCGGCGTTGGTTCGCCGAACATGATGCAGAAGAGGAAGTACGTGCTTGGGTTGAGCGGTGGATGGCTTAACTCGAG,b6inninn,4.400000000000003,-10.048497024588292,11895.371480000002,97,78.34896907216495,5.88822616643639,0.65,2.061394217082954,1.5041962880344493,52490,True,True,True,low,False,,,,,,,,,,,,1,False,,,,,,
B5,no_disulfide_h4i_n,ATGGGCAGCAGCCATCATCATCATCATCACAGCAGCGGCGAGAACTTATACTTTCAGAGCGGATCCATGGAAGAAGAGGAACAATTTAAGAATCGCTGGCGCGAGATTCGTGAGGAAGTGTATTCAAAAGGCGGCGGTGACGAGGATACTCTGCGCCGCTTGCGGGAACTGGAGAAGGAACCTCGCAGTGAGGAAGAAGCCTTTCTGTGTGAGCGCTACCGCGAACTCCGTGCTGAATACTATGCAAAGGGTGGGGGCGATGAAGATGTCCTGCGTTACATTAAAGAGTCTTTGTAACTCGAG,h4i_n,4.500000000000004,-7.312124767746655,9295.10318,76,89.67065789473683,3.743537049861496,0.71,1.2169939968694097,1.7319276002891792,12090,True,True,True,none,False,,,,,,,,,,,,1,False,,,,,,
B6,no_disulfide_h5i_i,ATGGGCAGCAGCCATCATCATCATCATCACAGCAGCGGCGAGAACTTATACTTTCAGAGCGGATCCCTCACGGAAGCAGAACTGCGGGCACTCTGCGCCGGGCGGCCACCAAGCCCTCGGGTCTTAGCTTTGTGGGAGGGTGTTTTACGCGGCGAAACGCTCGAATATGTGCGTCCTGGGTTTGAACGCGCCGAAGCTGGCGAATTATCCCCGGAACTCCGTGCTGGGTGGGAACGGCTTTTGGCTCGTGCAGAAGACCCTCTCTTAGGTCGTGTACTGGACTTGCTGCGTGGTTAACTCGAG,h5i_i,4.900000000000004,-2.3064709577876177,8434.60778,76,71.81184210526318,6.825533240997229,0.52,2.0167329090978785,1.0835129699708521,12660,True,True,True,none,False,,,,,,,,,,,,1,False,,,,,,
B7,no_disulfide_h5n_n,ATGGGCAGCAGCCATCATCATCATCATCACAGCAGCGGCGAGAACTTATACTTTCAGAGCGGATCCATGAGCACCTCGGAGCTGTATGCCATTCTGTTTGGCGGGATTACGCCTGCCGAAGTTTATGCAATGTTCCGCGAAGTGCGGCCAGGTATGACCCGCGCAGAACTCAACGCCCTGTGGAACGAAGTCCGTGAGAAATACTCCTCTTTAAGCGGCGAAGAAATTGTGGAGGAACTGCGCAAGAAATATCCTGGGTCACCTTTAGAGATGCTCCGCAAATTGTACGAAGATTAACTCGAG,h5n_n,4.700000000000003,-3.2050121526519293,8790.985779999999,76,80.47749999999999,5.003149238227147,0.59,1.112680225709174,0.9018341022665654,12090,True,True,True,none,False,,,,,,,,,,,,1,False,,,,,,
B8,no_disulfide_h6i_i_i,ATGGGCAGCAGCCATCATCATCATCATCACAGCAGCGGCGAGAACTTATACTTTCAGAGCGGATCCGGTAAAGAATTAGCACTGGAGACGTTTTACAAGCTGTACGCCGGGGAGTGGAAAACGGAGGAGCAGAAGAAGATCCAGGAGGTGTGGAAGAAACTGTGGGAATTGGTCGGCAAACCGTTTTCGGAGGAGGGCATCATCGAGGGGTATCGCCTGCTGCTCGAAAAATTAAAGGAAAAAGGTGCGTCTAAGGAATTGATCGAGTACGTGGAAAACTTAATTAAAGGTTTGGAAACTGGCGAGTTGAGCGAGGAAGTACTGAAATATATCGAGGGGCTGAAAAACCCTGAGGAGAATAAGGAAGTATTGGAGAAGATCATGAAAATGTGGGAAGAGATTGAAGAATGCCTGTAACTCGAG,h6i_i_i,4.600000000000003,-9.316015667188925,13725.714480000004,116,89.44370689655172,3.631530172413793,0.79,0.9867716717166258,0.4753352043109445,29160,True,True,True,super_high,True,16.11,0.0005292378449408673,8.556831093784494,27.38185950011038,3.4,6.758,0.00022201051248357424,3.5895136270512484,12.204346331974245,0.517,1.6984231274638633e-05,1,True,2.0,2.0,2025-04-14,43.35,0.0014241130091984231,23.025364861300922
B9,no_disulfide_h6n_n_n,ATGGGCAGCAGCCATCATCATCATCATCACAGCAGCGGCGAGAACTTATACTTTCAGAGCGGATCCATGGAAGAATTAAAGGCGATGTATGAAGAACTCATCAAAAAATACGGTGTAAAAGATAAGGAGGGCCTGTTAAAAATGTTTGAGAAGCTCCGGGAGGATGTGGAACGCGGTGAGGACACACCTGTCATGCGGGCATTCCGTTGGCTTTTAGAGAATCTCGAAGAGATCCGCGAGAATGGTTGGATCTGGGGTTATGCGCGTATTCTGGGTCTGCCTTTAGAAGAGGCTAAGGAAGTAAGTAAGGAGCTTGCGCTCTGGCTCCTTAAACAGATTGGGTGTGAGTCATATGAGGAGTGGTTAGAAATTGTTGAAGAATTTCTCAATAGTTAACTCGAG,h6n_n_n,4.400000000000003,-10.311143712787809,13084.96048,109,79.56211009174311,5.617597003619224,0.64,0.9682780156454104,0.6293862894523856,33570,True,True,True,none,False,,,,,,,,,,,,1,False,,,,,,
B10,no_disulfide_l4iin,ATGGGCAGCAGCCATCATCATCATCATCACAGCAGCGGCGAGAACTTATACTTTCAGAGCGGATCCATGGAAAAGCTTGAGGAAACCGCAAAGAAATTGTATGACATTCTTTCTAACGACGAGGAGAAGTCTGAGCCAATTGCGGAGAAGATTCGGGAGAAGACAGGGCTTAACTGGTCGAAAGAGGAAATCCTTGAATTGATCGAGGATTACCTTGAGGGTAAGGCCAAGGAGCGTCGGGAGGAGATCGAGAAGATTTGCAAGGTTTACGAAGAACTTTAACTCGAG,l4iin,4.400000000000003,-8.312698011825853,8517.556180000003,71,89.33295774647885,4.014697480658599,0.72,0.8567069065506916,0.8426010241227679,9530,True,True,True,low,True,5.78,0.0005346901017576318,5.860233661091581,18.752747715493058,3.4,2.556,0.00023644773358001852,2.5914804909602216,8.811033669264754,0.175,1.6188714153561515e-05,1,False,,,,,,
B11,no_disulfide_l4inn,ATGGGCAGCAGCCATCATCATCATCATCACAGCAGCGGCGAGAACTTATACTTTCAGAGCGGATCCGACGAACTGGAAGAAGGGATCAGGTATCTGTACGAGAAGTGGAAGGAAGAGAAGGGGCTGAAATCTCAAGAGGAACTTTTAGAATTACTCCTGGACGAGTCGAATGCTGAAACGGAAGAGGAGAAGGAGATCTATAAGTTGATCAAAGAGTACAAGAAGAAGGGTATGACGGACAAGGATTTATATGAAATTCTGTCGAAAGTTGAAGAGGAGTAACTCGAG,l4inn,4.200000000000003,-11.204703705084084,8632.56908,71,88.82521126760565,3.826595913509225,0.68,0.5309169561722596,0.6078705158732758,12090,True,True,True,none,False,,,,,,,,,,,,1,False,,,,,,
B12,no_disulfide_l5iiin,ATGGGCAGCAGCCATCATCATCATCATCACAGCAGCGGCGAGAACTTATACTTTCAGAGCGGATCCTCAGAGTTGAAGGAAAAACTCAAATATCTGCTTGAACATCCGGAAGAGTTGTCGAGTGAGCGGTTAAAAGAGATGATTGAGAAGCTCAAAGCTGGGTTCTACGGTTATTGGGAGGAGTTGCGTAAGGTTCTTGAAGAGCTGGCTGCCGACGAAAGCGCTACATCACCATACGAGCTTGCTTTAATTGAGTTTTATGAGTTGTCCAAGGAATTATCCGAGGAGGAGATTGAGGAACTGATTAAAGAGGTGCTGGAGGAGTAACTCGAG,l5iiin,4.200000000000003,-15.151759182508869,10227.416079999995,86,88.08418604651165,3.883999459167117,0.74,1.4384776802792052,0.6797564516964908,12090,True,True,True,medium,True,,,,,5.1,2.51,0.00018773373223635002,2.3785706703664915,12.130710418869105,0.21,1.570680628272251e-05,1,True,1.0,2.0,2025-04-11,19.19,0.0014353029169783098,18.18516779455497
C1,no_disulfide_l5inni,ATGGGCAGCAGCCATCATCATCATCATCACAGCAGCGGCGAGAACTTATACTTTCAGAGCGGATCCATGGACCGTTTAATGGCAATCTTTGCCCGGCTGCCGGAAATCCTGCGGGAGGCTGGGGACGAAGAGTTACTCGGGCTTTATCAGTGGTCGCAAACAGCTAGCTACGAAGAGGCCCTGGCGCGGTGGCTGGCAGCAGTGGACCGTCTGTTGGCACACCCTGAGCGGTACGCCGGTACTGAACTCGGTGCAGCGATTCGTGAGCTGAAAACATTACCAGAGGCTGAGGCTCGTGAGTTGCTCCGCAACGCCGTGGCAGAGTGGCTGAAATCCTAACTCGAG,l5inni,4.600000000000003,-5.150783246167431,10238.58878,90,91.13488888888888,3.0528024691358024,0.77,1.8262049474817768,0.7130952855350674,20910,True,True,True,medium,False,,,,,,,,,,,,1,False,,,,,,
C2,no_disulfide_l5innn,ATGGGCAGCAGCCATCATCATCATCATCACAGCAGCGGCGAGAACTTATACTTTCAGAGCGGATCCGAGGAGTTGAAAGAGAAACAAGAGGAACTCAAGAAGAAAGTAGACAGCGAAGAGGTGCGCGAACTCTGGCTCGAAGCGCTTAAAAAAAAAGGGGCTGATGAAGAAGAAGCCCGTAAAGTGATCGAGGAGGCTGCCGAGCGTTTGAAAAAAGGTGAGAGCATGGATGAGGTCCTCGAATGGGTTAATAAACGCCTGGGCAACGGGTTGAACAAGGAGGATCTTTTAGAACTTTTGGAAAAGTAACTCGAG,l5innn,4.600000000000003,-7.195546289199321,9420.57798,80,82.71925,5.3401296875,0.63,1.4182349969035812,0.9289365809360394,11380,False,False,False,,False,,,,,,,,,,,,1,False,,,,,,
C3,no_disulfide_l5niin,ATGGGCAGCAGCCATCATCATCATCATCACAGCAGCGGCGAGAACTTATACTTTCAGAGCGGATCCATGGAAGCCTTGTTAGCTACCGTCCGTGAGCTGGGTCTTACCACGGTTGGGGACGGTCTGGAGGTCTTTACGGCACGCTTGGATTCCCTCGCACCGCGCCTTTCGCCTGAAGAGGTTGAGGAATGGCGCGAAATGGTTCGTCGCTTAGTAGCGTCCGCCGCAGATCCTTCAACCACTACGTGGGCTGAGCTTGTGCGGGCCCTTGCTGCTAGCGATGACGAAGAGTTACGTGCTCGCTGGGAGGAAGCAGTACGTCGGCTTGCCGCTGCATAACTCGAG,l5niin,4.3000000000000025,-7.190715619963798,9965.130080000004,90,85.71355555555554,4.2296,0.67,2.2801171598616405,1.5516432973813379,17070,True,True,True,low,False,,,,,,,,,,,,1,False,,,,,,
C4,no_disulfide_l6innni,ATGGGCAGCAGCCATCATCATCATCATCACAGCAGCGGCGAGAACTTATACTTTCAGAGCGGATCCTCCCTCTATGAAGAGTTTATGGAATACTTAATGAAAGAAAATGACCTCGAAAAGTTAAAAGAACTTGCGAAAAAGATCGCCGAGAAAATCGGCGCTAAAGATTATATCCCGTTAGTCGAGGAAAGTCTTGAATACCTCAAGGAAGGGAAATGGGAGGAGATGCTTGAGTATATGTTATCGAAGTTGCCGAAGACGAAGCTGCGCGAGGAGTTAGAGGAAATCCTCGAAGGCAAGCTGAGCCCGGAAACAGAGGAGCTGATTAAAGAATGCTATTCATAACTCGAG,l6innni,4.400000000000003,-10.318225544040498,11011.631680000004,92,70.17380434782608,8.006027882797731,0.55,1.8887432244642812,1.1301508270765708,13370,False,False,False,,False,,,,,,,,,,,,1,False,,,,,,
C5,no_disulfide_l6niiin,ATGGGCAGCAGCCATCATCATCATCATCACAGCAGCGGCGAGAACTTATACTTTCAGAGCGGATCCAGCAGTTTACTGGAGGAACTCTATCAACAGCTGTACGATGCGGGTATCCTCTCAACGCCAGAGGCACAGGAAATGTTGCGTCGTATTTTGAACCCTGAAGAAGCCTCCATTGAGGAAACTTACGAGTGGTATAAGTGGGCGTTAGCGAACCTGCCGGAAGAACAGGAGCTGACGCGGGAGCTCTATGAAGAAGCACTGGAGCTGCTTGAGAGCGGCGTCACTTCACTTTATGACATTTATAAATATGTGGGCGATAAACTCGGGCTCTCTTTAGAAGAGTTTTACGAAGCAATCAAGAAGGTGGTAGAGCGTTAACTCGAG,l6niiin,4.000000000000003,-15.206978838092173,12230.54928,104,84.29528846153845,4.506020710059172,0.74,1.4515348833539954,0.6811176966083377,22900,True,True,True,none,False,,,,,,,,,,,,1,False,,,,,,
C6,no_disulfide_s6,ATGGGCAGCAGCCATCATCATCATCATCACAGCAGCGGCGAGAACTTATACTTTCAGAGCGGATCCAGCATGGTAAATCAGTACTGGCGGGATGCACTGGCAGGGAAACGGACGCCGGAGCTGGAAAAATGGTGGGATGAAATTGCCGAGAAATATAAGGGTAAGACTATCGCCGAAATTTGGAAGGCGTTACAGGCGGGTGAAGGTTCCGAAGAGGTAAATGCGTGGTGGAAGGAAGCCCTCGCAGGCAAATTAGATCCTGAAATTGCGAAATATGTTAAAGACGCACAAGCAGGGAAATTCAGTCCTGAGTTCGAGGCGGTTTGGAAACGGCTGTTCAAGTAACTCGAG,s6,6.700000000000005,-0.2071380826008879,10690.03588,92,79.17891304347825,5.499461247637051,0.61,1.9409184516594276,0.6214694983135532,43670,True,True,True,,False,,,,,,,,,,,,1,False,,,,,,
D1,variable_linkers_b3iii,ATGGGCAGCAGCCATCATCATCATCATCACAGCAGCGGCGAGAACTTATACTTTCAGAGCGGATCCATGGAAGAGAAAGCGAAAGAGATCGTTGAACTGTATAAGGCGGGGAAGCTCACGGAGGAGCAGAAGAAAATTGCGAAGGAAATCCTCGAAATCGAGAAAAAGGAAAAGAAATTTTCTGAGGAGTTGGCTAAGAAGGTGGAAGAAGTCGTAAAATAACTCGAG,b3iii,6.700000000000005,-0.2031676080533249,6021.025280000001,51,,,,1.8844380476862808,0.9436416718233168,1280,True,False,False,,False,,,,,,,,,,,,1,False,,,,,,
D2,variable_linkers_b3nnn,ATGGGCAGCAGCCATCATCATCATCATCACAGCAGCGGCGAGAACTTATACTTTCAGAGCGGATCCCTCGAAGAGGCAATTTTGGCCGCGATCAAGGAGGCCGGGGCAGAGGGCGAGGATTTAGAAGAGCTGCTGGCTCGCGGCCGTGCGGCTATCGAAGCCAATCAGCGGCCTGATATGAATGAGGAGTGGATTCGTGCTGCTGTGGCAGCAGCGTTAGCGTAACTCGAG,b3nnn,4.000000000000003,-7.194053881918293,5531.13028,52,,,,1.723531399900794,0.8760844912836596,5690,True,False,False,,False,,,,,,,,,,,,1,False,,,,,,
D3,variable_linkers_b4iiiix,ATGGGCAGCAGCCATCATCATCATCATCACAGCAGCGGCGAGAACTTATACTTTCAGAGCGGATCCGATATTCTCAAAAAGGCTGCCGAATTGTGGGCCTCATCAGACGACGAACTCATGAAGAAAGTCGTGGACGCTGTGTTGGCAGGCGATTTGAGCTCTCTGAAGCCGGAGGAACTTGAGGCAGCAAAGAAGAAGGCGCTTGAACTTGCGCCGGAATTTCCTGAGGAGGATCGTCCTATTGTGATTGAAGCCGTAAAACTCATCTAACTCGAG,b4iiiix,4.3000000000000025,-6.199243832777351,7358.458179999999,67,,,,1.2753806745054768,0.9602986147282305,5690,True,False,False,,False,,,,,,,,,,,,1,False,,,,,,
D4,variable_linkers_b4iiiiy,ATGGGCAGCAGCCATCATCATCATCATCACAGCAGCGGCGAGAACTTATACTTTCAGAGCGGATCCATGGAAGAGGCTTTGAAGAAGGCGGAGGAGCTTTGGGAAAAGACCAAGGATGAGAAGATGCAGACCCTTCTTGAGGCAGTCAAGAAAGGGGGTGATAAAGAACTCCTCGCTAAATCCCTCAAAACTGGCGAAATGGAAGAAGCATTGAAAGCTGCGAAAGCGTAACTCGAG,b4iiiiy,5.300000000000004,-1.2014615388750254,6048.99708,54,,,,2.977279038298216,1.9209120973175784,5690,True,False,False,,False,,,,,,,,,,,,1,False,,,,,,
D5,variable_linkers_b4iiin,ATGGGCAGCAGCCATCATCATCATCATCACAGCAGCGGCGAGAACTTATACTTTCAGAGCGGATCCGAGCGTCGTGAACGGGTGATTGAACGTTTACGGGAGTATGCTGAACGCTTTGAAGGCACCCCGTTGGCTGAAGAGATTCGCCGCGTGGCTGAGCGTTTGGAGGCTGGTGAGAGTGACCTGGAAGGCTTACGTCGGGTATTTGAAGCTGCTGGTGATGAAGAGTGGCTCCCATTAGGTGAGGAGGTAGCGGAAGAGTAACTCGAG,b4iiin,4.200000000000003,-10.188995628395798,7643.285979999999,65,,,,1.7460936591239875,1.6223588908465576,6970,False,False,False,,False,,,,,,,,,,,,1,False,,,,,,
D6,variable_linkers_b4inin,ATGGGCAGCAGCCATCATCATCATCATCACAGCAGCGGCGAGAACTTATACTTTCAGAGCGGATCCGTTGAGGAGTGCTTAAAGAAGTGCAAATCAGGCAACAAAGAAGCTATCCCAGAGTGCGAAAAAGAGTGGAAAGCTAAAGGTGTCAAAAACGCTGAAGAGTGTGCAAAGAAGTGGAAGGAAGGGAACTGTGAGGAGTGTGCCAAGAAGGTCAAGTCTTAACTCGAG,b4inin,8.100000000000007,2.125806727593563,5887.78818,52,,,,1.9909759274716072,1.3816455293781016,11380,False,False,False,,False,,,,,,,,,,,,1,False,,,,,,
D7,variable_linkers_b4innn,ATGGGCAGCAGCCATCATCATCATCATCACAGCAGCGGCGAGAACTTATACTTTCAGAGCGGATCCTCGCGGCTTGAAGAGATTTGCTCGAAGTTATCTGGTCCAACTGCGGCCAAAGTTTGTGAAGAATGTAAAGGGTTGTCATTGGACGAATGCTGTGAGCTTGGGTTGAAGTACGGCTTACCGGAGGCGTGCGAACTGGCACGTAAATAACTCGAG,b4innn,4.800000000000003,-2.8714788852779605,5174.98808,48,,,,2.9225196789615198,1.3852970312286832,1280,True,False,False,,False,,,,,,,,,,,,1,False,,,,,,
D8,variable_linkers_b4nnnnx,ATGGGCAGCAGCCATCATCATCATCATCACAGCAGCGGCGAGAACTTATACTTTCAGAGCGGATCCGACATTGAAGAGAAGTGCAACGAACTTCTGGAGAAATCGAAGGGGGCTAGTTTAGAAGAGAAGATTAAACTGTGCAAGGAGTTCGGGAACGAAGAATCGATTGAAAAATGCTTGGAGCTGCTGGACAAATACGAAAAAGGTGAGTTGACAGAGGAAGAGAAGAAGGAAGCGTGCAAAGAGCTGGCATAACTCGAG,b4nnnnx,4.400000000000003,-8.645763792496231,7166.04828,62,,,,1.879150640844271,1.24999707122646,1280,True,False,False,,False,,,,,,,,,,,,1,False,,,,,,
D9,variable_linkers_b4nnnny,ATGGGCAGCAGCCATCATCATCATCATCACAGCAGCGGCGAGAACTTATACTTTCAGAGCGGATCCATGGAAGAAATCCGCAAGCGGCTGGAGGAGGGCGGGTTAGAGTACGCAGTAGAGGTAGCGAAGGAATTTGGTGACATTGAAAAAACCGTGAAGGCCGCTGAAGAATTAGGTTATGATCCGGAGGAACTTCGCAAATTACTTGAGGAGTAACTCGAG,b4nnnny,4.200000000000003,-8.19816140731439,5683.311279999999,49,,,,3.0000385991746525,1.4741779256071457,2560,True,False,False,,False,,,,,,,,,,,,1,False,,,,,,
D10,variable_linkers_b5iiiin,ATGGGCAGCAGCCATCATCATCATCATCACAGCAGCGGCGAGAACTTATACTTTCAGAGCGGATCCGAACGCGAGAAAGGGATTGAATACTTGAAAACATTAAGTAGCCCAGTCTCTGATAAGTGTACTGAGGACTTTGCTGCGGGTAAGCCTAACCTCAAAGCGTGCTTAGCCGCCTTAAAGACATCAGGGGCCGAAATGAAGGCCATTGCAGATAAGTGCGAGACCTTGGGGGCCAACGGCTGGGACGAATGCTTAAAATTGGCCTTGTAACTCGAG,b5iiiin,5.100000000000003,-1.6509761285633835,7247.28468,68,,,,3.208746583927166,1.6719631232017036,6970,True,False,False,,False,,,,,,,,,,,,1,False,,,,,,
D11,variable_linkers_b5iinin,ATGGGCAGCAGCCATCATCATCATCATCACAGCAGCGGCGAGAACTTATACTTTCAGAGCGGATCCGAAGAGGTATTAGAGGTACTCAAGAAACTTGGCGGGGCGGAAGAGGCATACGAAGAACTTAAAAAAGACGACAAGGGCGCGATTGAGAAAGCAACCAAGAAGGTTGAAGGCCCAGAGAATAAAGAAGTCGCGGAACTGTTGAAAACCGCAAAGAACAAAGAGGACTTCGAAAAAGTCTTAAAGAAGGCATAACTCGAG,b5iinin,5.100000000000003,-2.203374980189281,7058.000180000001,63,,,,2.002646952570213,0.8682856932886459,1280,True,False,False,,False,,,,,,,,,,,,1,False,,,,,,
D12,variable_linkers_b5ininn,ATGGGCAGCAGCCATCATCATCATCATCACAGCAGCGGCGAGAACTTATACTTTCAGAGCGGATCCGCTATCGCGGACCTCACAAAAGCAGTTGCAGCAGAGGCAGCAAAAGCGAAGGATGCTCGTTTAAAAGCCATTGCCGAGGCATTAGCGAAGGCCAAAAACGTCGACGAGGTCGAGGCAGTGCTGAAGGCTGCTGGGGCGGATGCAGACGCCGCAGCCGCCGCACTGCGTGCAGGGAACTGGAATGCAGCCACTATTGCCAAAATTGTAGCAGATATTGCATAACTCGAG,b5ininn,6.500000000000005,-0.202756058948651,7167.14208,73,,,,1.0205963129079576,0.7400205064310668,5690,True,False,False,,False,,,,,,,,,,,,1,False,,,,,,
E1,variable_linkers_b5innnn,ATGGGCAGCAGCCATCATCATCATCATCACAGCAGCGGCGAGAACTTATACTTTCAGAGCGGATCCAAAGTGGAAGAATTGGCGAAAGCTATGAAGGGTGTGAGTACAGAGGAATTGTTAGAAGTCCTGAAGGAAGCCGGTGTACCAGAGGAGGACGCTGAAAAGCTGTACGAACTGGCCAAAAAAGGGGGTGAGGAGGACTTCAAGAAAGCAGCAAAGGAGTTAAAGGAGGAAGGGGTAGAGAGTTTAAAGCCGGTTTATGAAGCCGCCGAGAAGTAACTCGAG,b5innnn,4.500000000000004,-7.201232763661997,7737.69248,70,,,,3.0669525675461347,1.6494162097395724,2560,True,False,False,,False,,,,,,,,,,,,1,False,,,,,,
E2,variable_linkers_b6iiniin,ATGGGCAGCAGCCATCATCATCATCATCACAGCAGCGGCGAGAACTTATACTTTCAGAGCGGATCCATGCAAGCGCTGATTGAGGCATTCAAAGCAGTAGAGACTAACGCTGAACTGCAGAAGGTTGTAAAAGACTTGGAAGCGGGTAACTACGCAAATATCGCTGCCGCCTTCGAGGCCGCTGGCCTCTCAGCCGCTGACGCTGCCAAACTTGCGGCGGACTTAAAAGCAGGTGAGGTAGCTCCGATCGTAGAACTCTTAGCGAAGATTGATAGTCCTGAGTTTGCTCCTGTAGTAGAAGCAGCCAAGGCCTAACTCGAG,b6iiniin,4.200000000000003,-6.2008083197639525,8367.49078,82,,,,1.953874071853775,0.7820073847058385,1280,True,False,False,,False,,,,,,,,,,,,1,False,,,,,,
E3,variable_linkers_b6ininin,ATGGGCAGCAGCCATCATCATCATCATCACAGCAGCGGCGAGAACTTATACTTTCAGAGCGGATCCGCCGAGGAAATCAAAAAGGCACTTAAAGAAGGTGAAGCTGAAGAGATCGCTAAAGCCCTGGCAAAACTGGGGGCTAACGCTGAGAAGATTAAGAAAGAACTCGCGAAGGAAGGTCCTGACTATGACGCTATTGCGGAGGAATTAGCCAAAATCGGGAACGCGAAGCTGGCCCCGGCTATCAAGAAGGCGCTGAAAGAGGGCGAAGCTGAGGAAATTGCAAAAGCACTTGCAGAGTAACTCGAG,b6ininin,4.900000000000004,-3.2021378866097034,8226.38598,78,,,,2.078172822120648,1.1384887501704828,1280,True,False,False,,False,,,,,,,,,,,,1,False,,,,,,
E4,variable_linkers_b6inninn,ATGGGCAGCAGCCATCATCATCATCATCACAGCAGCGGCGAGAACTTATACTTTCAGAGCGGATCCTATGAGGAGTTAAAGAAAAAGTTAGAAGAAGTGACGGGGAACAAGGAAGGGGCCGAAGAACTCGCCGAAAATCTCAAAAAAGGTAACACCGAAAAAACCAAGGAAATTTTGCGGGAAATGGGGCTGGGTGAGGAAGCGGAGCTGATTGCAGAGGCGCTTAAAGGTGAGAGCTTAGAGGAGATTAAAAAGGCTCTGGCTTCGCTTGCACCGAAGATGAAGTCCGAAAAGGAGAAGAACGTCATTAAAGCCGTGGAGGAGTAACTCGAG,b6inninn,4.800000000000003,-5.198997888223162,9585.86668,86,,,,1.9684431414347017,1.0037193267434537,1280,True,False,False,,False,,,,,,,,,,,,1,False,,,,,,
E5,variable_linkers_h4i_n,ATGGGCAGCAGCCATCATCATCATCATCACAGCAGCGGCGAGAACTTATACTTTCAGAGCGGATCCATGAAGCTCCTGGAGGAATTAGAGAAAATCTATAAAGAAGACAAAACGCCGAAGGATGAGAAGACGTCGCGTCTGATTGAAAAGGCACTCAAGTGCAAGGAAGGCAAAGACTGTGAGGAACTGAAAGAAGCTGAAAAATTGGGGAACTTCGAAGACGCACTCAAATACGCCGAAGAATAACTCGAG,h4i_n,4.700000000000003,-4.42734680794591,6949.88198,59,,,,2.404291443567299,1.032078005764019,2560,True,False,False,,False,,,,,,,,,,,,1,False,,,,,,
E6,variable_linkers_h5i_i,ATGGGCAGCAGCCATCATCATCATCATCACAGCAGCGGCGAGAACTTATACTTTCAGAGCGGATCCAAAGCCGCAGAGTGGATGAAGAAGGTGGCTAAATATTGTAAGAATTTGGACGATCCTGAACTCAAAGCGGCAGTTGAAGCCGCTGCGAAGGGCGATAAGGAGGTTGCGGAAAAGTTAGCTTCACTGAAAGGCAAGGGCGAAGAGGTGAAAAAATGGTTGGAGAACCCGGAAAAAGATCCAGAAAAGCAAGCAGAGAATTGTCGTTTACTGAATGAAGCTCTTAAATCTTAACTCGAG,h5i_i,7.900000000000006,0.5710073079988753,8483.664079999999,76,,,,2.5730730219524656,1.0976890639390278,12660,True,False,False,,False,,,,,,,,,,,,1,False,,,,,,
E7,variable_linkers_h5n_n,ATGGGCAGCAGCCATCATCATCATCATCACAGCAGCGGCGAGAACTTATACTTTCAGAGCGGATCCATGGAGCTTTTTAAGAAGGCCATCAAGCGGGCAAAAGAGCTTGGGGTTAAGAATGCTGAGGATCTGAAAGCCGAATTGGAAAAGTATGGTGCCTTTGAAGAAGCAGTGGCGGCCCTCAAAGCCGAGGTCGATAAAGAGGGCGAAAAGAGTAAGGAGGAGCGTATTGAGATCGCAACCAAATTAGTCACTGAAGAAGAGGATGAGTTGACACGTAAGATCGTCGCAGAGATGCTCTAACTCGAG,h5n_n,4.700000000000003,-5.199088630873005,8853.088880000001,78,,,,1.9183133742652128,0.711487017583601,1280,True,False,False,,False,,,,,,,,,,,,1,False,,,,,,
E8,variable_linkers_h6i_i_i,ATGGGCAGCAGCCATCATCATCATCATCACAGCAGCGGCGAGAACTTATACTTTCAGAGCGGATCCATGGAGGAATTACGCGCACACATGGCAGAATGTTTAGAGATTGCCCGTGAACGCGGCAACGAGCGGGCCGCCCGCGTCTGTGAGGCGATTCTCAATGCAAATACGGCGGAACATGAGAAGATGGCAGCAGCTCTGGAAACTGGTGAGGACATGGACGGTTTGGCAGCGATTCTCAGTAAAGCTGGCGGTATTACGCCAGAGTTATTCCGTGCGCTGATGGCAGAATTGCTGGCAGAACTTGAAGCGCGGGGCCGGGCGAAGGATTTCCGCGCTTACGCTGCCCGGATTGCGGCCTAACTCGAG,h6i_i_i,4.900000000000004,-5.322039675120614,10628.069480000002,98,,,,1.9193884212515904,1.1188481600155822,1280,True,False,False,,False,,,,,,,,,,,,1,False,,,,,,
E9,variable_linkers_h6n_n_n,ATGGGCAGCAGCCATCATCATCATCATCACAGCAGCGGCGAGAACTTATACTTTCAGAGCGGATCCATGGAAGAATTTGCGAAAGTCCTGTTGAGCGGTTCGGGTGAAGAGATTCTGAAAGGTATCGACGAAGTGCTGAAGGAGCCAAATGGGTACGAGAAATTGGAGGAAGCCTTAAAGAAATTGGGCGTGGAAAACGCTGAGGAAATTGCTGAGGCTCTTCGTACGGGCGAGGGCTTCGAGGAAATCGCCAAAGCACTGAAAAAGGCTAAGAGTGGTGAAGAAATTGCAGAGCTGTTAAAAAAGTAACTCGAG,h6n_n_n,4.500000000000004,-7.197979382324428,8760.92178,80,,,,3.838239158286676,2.2996414689502145,1280,True,False,False,,False,,,,,,,,,,,,1,False,,,,,,
E10,variable_linkers_l4iin,ATGGGCAGCAGCCATCATCATCATCATCACAGCAGCGGCGAGAACTTATACTTTCAGAGCGGATCCCTTGAGGAAGCGTTAAAGGAGTTAGATGGCGAGGGTGAAGCGGCGGAGTTGGCACGGGAGGCACGCGAGAAGTGCAAGGAGGATGAAGAATTTCGTAAAGAGTTAGAAAAAAAACTGAAGGGCTACAGCAAGGAAAAGGCTGTGGAAGTCCTGAAAGAGTAACTCGAG,l4iin,4.600000000000003,-5.31027480355588,6152.848279999999,53,,,,2.98874445964646,2.056773319776633,1280,True,False,False,,False,,,,,,,,,,,,1,False,,,,,,
E11,variable_linkers_l4inn,ATGGGCAGCAGCCATCATCATCATCATCACAGCAGCGGCGAGAACTTATACTTTCAGAGCGGATCCCGGGAACTTATCGTGGAAGCAGCACGTACTGGCGAACTTGAAGAAGCGCGTGAAGCAGTAGAACGGGCCGGGCTCTCACGGGAAGAAATCCGTGAAATTCTGCGTGAAGCTGGCTTTGAGGAGGAAGCCGAGGAGTGGGTCGAGCGGCTGTAACTCGAG,l4inn,4.200000000000003,-9.188749869070609,5855.357179999999,50,,,,3.87189737415729,2.2048548007226203,5690,True,False,False,,False,,,,,,,,,,,,1,False,,,,,,
E12,variable_linkers_l5iiin,ATGGGCAGCAGCCATCATCATCATCATCACAGCAGCGGCGAGAACTTATACTTTCAGAGCGGATCCAAGTTAGAGGAGGTAGCAAAACTCTTAGACATCAATAATACTGAAGAGGGGAAGAAGGCGTTGGAAGCATTGAAAAAAAAGGAGGATTATGAGCTCTTAAAGAAGTACGTCGAGTCCCTTCCTGAAGACCTTAGTGAGAAGGACAAGGAGTTGCTGGAAAAATTCAAAGAGGCCGCCAAGAAGGCCACTACGATCGAAGAGTTGGAAAAACTCCTGGAAGAGTAACTCGAG,l5iiin,4.600000000000003,-6.203099454336814,8621.78338,74,,,,1.7776261422484172,0.7263855986551742,2560,True,False,False,,False,,,,,,,,,,,,1,False,,,,,,
F1,variable_linkers_l5inni,ATGGGCAGCAGCCATCATCATCATCATCACAGCAGCGGCGAGAACTTATACTTTCAGAGCGGATCCATGAAAGAAAAATACGCGAAACTCCTCGAAGAGGTGGCTAAAGAGACCAATGAGGTTATGAAGGAAATTGCCGAAATGCTGAAGAACGTGGACGAAGAAAACCCTCTGGAGGATCTCAAAAAGAAGATCATGGAGAAGTTCGGCGCATCGGAAGAGGTTGCCGAAGAGTTTGCAAAGGCCCTTAAGGCTGGTGACAAAGAAAAGTTGAAGAAATGCGTTAAAAAGATCCTTGAATAACTCGAG,l5inni,5.200000000000004,-2.3152906984347754,9001.48438,78,,,,1.3816423707505403,0.8580584089852378,1280,True,False,False,,False,,,,,,,,,,,,1,False,,,,,,
F2,variable_linkers_l5innn,ATGGGCAGCAGCCATCATCATCATCATCACAGCAGCGGCGAGAACTTATACTTTCAGAGCGGATCCATGAAGAAGAAGGTCGCAAAGCAGCTCGAAGAAGGCAAGGTCGACCCGGAATTACTTGCCAAGGTCTATAAAGAGCTGACAGGCGATGAGTCGACGGCCAAAATTGTCGCTAAAGTGGCAAAAAAGAAATTGAGTAAGGAGGAATTAGCTAAGGAAATGAAAAAGGAAGGTGTGACCATCTCCGCTAAAGCTCTCGAAAAGTTATAACTCGAG,l5innn,10.100000000000009,5.7913951603575,7527.92468,68,,,,2.316739811561313,1.318587385937655,1280,False,False,False,,False,,,,,,,,,,,,1,False,,,,,,
F3,variable_linkers_l5niin,ATGGGCAGCAGCCATCATCATCATCATCACAGCAGCGGCGAGAACTTATACTTTCAGAGCGGATCCGTAGACGAGTATTGCGCTGCGCTCCGCAAGGCGGGGTCCGAAGAGGCGTGTGAGGCTCTCCGCAAAGTAGCCGAGGGCACGGGCGATTTCGAGGAGTTTAAAGCGTTATGCGCCAGTATTCCTGAAGACAAGTTTGACGGGCCTCTTGCCGAACTGAAGGCGATTTGTGCGTCTGCCTCAGGTGACGGCCTCGCGAAGCTCCGTGAACTGCTGGCATAACTCGAG,l5niin,4.3000000000000025,-6.646470349198936,7563.48748,72,,,,2.9434711163713545,0.9805101500786048,1280,False,False,False,,False,,,,,,,,,,,,1,False,,,,,,
F4,variable_linkers_l6innni,ATGGGCAGCAGCCATCATCATCATCATCACAGCAGCGGCGAGAACTTATACTTTCAGAGCGGATCCGGGGAAGAAGCCCTCGAAGCTCTCCGGCGGGGCGAGGTCGAGCCTTTGGTTGAGCTTTTACGTGCTGCCGGGTTGGAAGAGGAGAAAGCGGAAGCCATTGGGGAGGCCCTTGCTGAAACTGAGTCATTGGAAGAAGCCGCAGAAGCTCTCTCCGAATTCGGGGATGGGGAACGGGTGCGGGAAGCGTGGCGTCGGGGGGAGTGGGAGGAAGCCGCACGTTTGTTACGGGAATAACTCGAG,l6innni,4.100000000000003,-14.185076481712514,8578.26988,77,,,,2.8528123080000887,1.1037524447555807,11380,True,True,True,medium,True,,,,,5.1,2.427,0.00019170616113744075,2.112749524815166,10.775022576557346,0.211,1.6666666666666667e-05,1,True,,,,,,
F5,variable_linkers_l6niiin,ATGGGCAGCAGCCATCATCATCATCATCACAGCAGCGGCGAGAACTTATACTTTCAGAGCGGATCCATGGAGAAAATTTTCGCGGCCCTGAAAGAAGCCTCCAAAAAAAAGAGTGGCAAAGCTATCGTTGAGGCACTTAAGAAAGTGGCTGCGGAAGTGGACCTCAGTCCTGAGGAAAAAGAAGCCGTCGAAAACATCGAGACCGGCTCAGACGCGGAAAAGATTAGTGAAATCTTTGCAAAATGGAAGGAGAAAGCGACAGATCCGGAGGCCAAAGAAATCCTGGATAAGGTGTCAGAAAATTTAAGTTTTGAGGGGCTTGTTGAGGCCCTTATTAAATAACTCGAG,l6niiin,4.700000000000003,-5.199824320947069,9991.33148,91,,,,3.1904465930013317,2.115453812682626,5690,True,False,False,,False,,,,,,,,,,,,1,False,,,,,,
F6,variable_linkers_s6,ATGGGCAGCAGCCATCATCATCATCATCACAGCAGCGGCGAGAACTTATACTTTCAGAGCGGATCCGGCAAGGAGTTCTGTGAAGCCTTGAAAAACAAAAACAGCGAGAAGCTGAAGCCTTACGCAGAAGCTCTCAAGAACGGTGATCCTGAGCTTCTTGCTAAATTTGTCGCGGCCTTAAAGGCCGGGACTTGCCCAGAATTTAGCGCTGAGTTGGCAGGTGCAAAGAAAGGCAAGGTAAGCGAGAAAGGGAAAGAATACGCCGAAGTATTTAAGGAGAAAAGCGGCATCTCCCGCGAAGAGTTAGTTGCGAAAATCGCGGCCTAACTCGAG,s6,8.900000000000007,2.5691900748083105,9232.54908,86,,,,2.552486710871371,1.560284737031785,2560,False,False,False,,False,,,,,,,,,,,,1,False,,,,,,
