orientation_code,atp_cost_per_aa,dna_complexity_per_aa,pll,pll_per_aa,isoelectric_point,charge,sequence_charge,mass,sequence_length,mean_plddt,mean_pae,ptm,tm_rmsd,tm_score_assembly,tm_score_design,tm_rmsd100,dp_finder_total_cost_norm,predicted_usability,combined_score,path_score_version,residues_per_helix,deltahedron_edge_length,diffuse_termini,avoid_amino_acids,increase_amino_acid_likelihood,energy_minimization,algorithms_sequence_prediction,algorithms_structure_prediction,rf_file_num,rib_num,aa_count_per_gap,model_sequence,sequence_molar_extinction_280,sequence_molecular_weight,backbone_loop_mask_string,aligned_length,seq_id,sequence_name,dssp_assignment,aggrescan3d_avg_value,hydrophobic_fitness,packing_density,rosetta_total_per_aa,name
b4inin,23.674683544303775,3.0632911392405062,-127.33502769470216,-1.6118357936038248,4.000000000000003,-20.303951348976494,-20.303951348976494,9720.646979999998,79,91.40113924050631,3.1907290498317575,0.75,0.59,0.85643,0.39168,0.6688289618011168,0.9625396430819241,0.7874912225934075,0.7086478542428273,3,8,12,True,X,WY,oxygenMathFix,solublempnn,alphafold2,6,4,13,SLEELIEKIEKFNNLENPTEEELEELIELLKEWCEELGVEEEKKEELLELLYEWYNSEENREEKTKELIEKLKEVYEEA,15220,9720.646979999998,----GGGGGGGG-------------GGGGGGGG-------------GGGGGGGG-------------GGGGGGGG----,32.0,0.0,b4inin_gap_13_6,-HHHHHHHHHHHHTSSS--HHHHHHHHHHHHHHHHHHT--HHHHHHHHHHHHHHHH-STTHHHHHHHHHHHHHHHHHH-,-2.4303,-41.131170612652085,54.47144948755491,3.939049437933238,BestV3 Masked extended absorbing bigBatch oxygenMathFix SolubleMPNN AF2
b4innn,20.31139240506329,3.962025316455696,-143.26736852526665,-1.813510993990717,4.100000000000003,-8.256533563416193,-8.256533563416193,8302.30618,79,91.91088607594936,2.7881877904182026,0.79,1.34,0.62928,0.35019,1.519035269175418,0.9149061551425275,0.6753811263108049,0.705306462213109,3,8,12,True,X,WY,oxygenMathFix,solublempnn,alphafold2,8,4,13,PLDPEAVRAWLRRALAELQAEGLATPALVAAVEAHADEIAGADAEGAAALLRRLCAEVGASPELTERLLALWEEFVASQ,11380,8302.30618,----GGGGGGGG-------------GGGGGGGG-------------GGGGGGGG-------------GGGGGGGG----,32.0,0.0,b4innn_gap_13_8,---HHHHHHHHHHHHHHHHHTT---HHHHHHHHHTHHHHHHS-HHHHHHHHHHHHHHTT--HHHHHHHHHHHHHHHHH-,-1.4508,-39.57498833869346,52.352739726027394,1.0860302378110775,BestV3 Masked extended absorbing bigBatch oxygenMathFix SolubleMPNN AF2
l5innn,22.26499999999999,3.275,-154.16468559205532,-1.9270585699006915,4.600000000000003,-7.195546289199321,-7.195546289199321,9420.57798,80,82.71925,5.3401296875,0.63,1.26,0.75317,0.44166,1.4182349969035812,0.9564337221461983,0.7896744875971293,0.7039002836144503,3,8,12,True,X,WY,oxygenMathFix,solublempnn,alphafold2,18,5,9,EELKEKQEELKKKVDSEEVRELWLEALKKKGADEEEARKVIEEAAERLKKGESMDEVLEWVNKRLGNGLNKEDLLELLEK,11380,9420.57798,--GGGGGGGG---------GGGGGGGG---------GGGGGGGG---------GGGGGGGG---------GGGGGGGG--,40.0,0.0,l5innn_gap_9_18,-HHHHHHHHHHHHTTSHHHHHHHHHHHHHTT--HHHHHHHHHHHHHHHHTT--HHHHHHHHHHHHSS---HHHHHHHHH-,-2.6837,-46.51112523839796,53.32727272727273,26.08880383948225,BestV3 Masked extended absorbing bigBatch oxygenMathFix SolubleMPNN AF2
b4nnnnx,24.2845070422535,3.6056338028169015,-129.2967046201229,-1.8210803467622945,4.200000000000003,-12.148348822768943,-12.148348822768945,8860.65328,71,90.07323943661972,3.3995834159888916,0.72,0.73,0.79779,0.42538,0.8808394954676125,0.9406394346566671,0.7455867623913031,0.6948553745730988,3,8,12,True,X,WY,oxygenMathFix,solublempnn,alphafold2,4,4,11,WEELEEAVRWLRERLPDLTEEQHIEYIRRYAEEGPDDLSPEVREALEELRPLIERYGEEEVIEALRRYYRE,17780,8860.65328,---GGGGGGGG-----------GGGGGGGG-----------GGGGGGGG-----------GGGGGGGG---,32.0,0.0,b4nnnnx_gap_11_4,-HHHHHHHHHHHHH-TT--HHHHHHHHHHHHHH-GGGS-HHHHHHHHHHHHHHHHH-HHHHHHHHHHHHH-,-2.129,-24.650449107069477,53.34504792332268,1.3340666784840725,BestV3 Masked extended absorbing bigBatch oxygenMathFix SolubleMPNN AF2
b4nnnny,24.277464788732377,3.352112676056338,-120.19520244933663,-1.6928901753427694,4.5000000000000036,-7.2028152164754085,-7.2028152164754085,8651.77758,71,89.28774647887325,3.763205713152152,0.69,0.99,0.72932,0.40897,1.194563151387584,0.9771245800684669,0.7687175045122657,0.6944355916032349,3,8,12,True,X,WY,oxygenMathFix,solublempnn,alphafold2,19,4,11,MSREEKIKLLKEKGYNLSREELIKLILEEYGYDTEETKELREKAYEELKKLDWNLSREELIEQMVEVIDSL,10810,8651.77758,---GGGGGGGG-----------GGGGGGGG-----------GGGGGGGG-----------GGGGGGGG---,32.0,0.0,b4nnnny_gap_11_19,--HHHHHHHHHHHHTTS-HHHHHHHHHHHTT--SGGGHHHHHHHHHHHHTS-TTS-HHHHHHHHHHHHHH-,-2.2877,-25.448276918176585,53.18481848184818,4.387999703335175,BestV3 Masked extended absorbing bigBatch oxygenMathFix SolubleMPNN AF2
l4iin,23.602816901408435,3.112676056338028,-158.58720599487424,-2.233622619646116,4.400000000000003,-8.312698011825853,-8.312698011825853,8517.556180000003,71,89.33295774647885,4.014697480658599,0.72,0.71,0.82104,0.42697,0.8567069065506916,0.9625060725955031,0.8131851516339049,0.6943247550089078,3,8,12,True,X,WY,oxygenMathFix,solublempnn,alphafold2,15,4,11,MEKLEETAKKLYDILSNDEEKSEPIAEKIREKTGLNWSKEEILELIEDYLEGKAKERREEIEKICKVYEEL,9530,8517.556180000003,---GGGGGGGG-----------GGGGGGGG-----------GGGGGGGG-----------GGGGGGGG---,32.0,0.0,l4iin_gap_11_15,-HHHHHHHHHHHHHHHH-HHHHHHHHHHHHHHH-----HHHHHHHHHHHHHT--GGGHHHHHHHHHHHHH-,-2.5293,-41.8616292798111,52.80872483221477,6.5249307274598465,BestV3 Masked extended absorbing bigBatch oxygenMathFix SolubleMPNN AF2
b4iiin,22.315873015873013,3.7777777777777777,-116.43089766055346,-1.8481094866754517,3.9000000000000026,-9.196621570356324,-9.196621570356323,6905.640079999998,63,89.29873015873017,3.126344167296548,0.7,0.97,0.71746,0.45252,1.2614074960994197,0.9547294287975457,0.6952073936080666,0.6902756720011137,3,8,12,True,X,WY,oxygenMathFix,solublempnn,alphafold2,0,4,9,SRYAEALELIRAKLPDTPEGRELLAALEAGTFDPEWAIAWLREAGFSEEELAYLVGVLEEAAG,13940,6905.640079999998,--GGGGGGGG---------GGGGGGGG---------GGGGGGGG---------GGGGGGGG--,32.0,0.062,b4iiin_gap_9_0,-HHHHHHHHHHHHS-SSHHHHHHHHHHHHT---HHHHHHHHHHTT--HHHHHHHHHHHHHHH-,-1.5753,-29.74180327868853,51.50819672131148,0.9724410726037573,BestV3 Masked extended absorbing bigBatch oxygenMathFix SolubleMPNN AF2
b5iinin,24.25,3.5416666666666665,-151.6631924510002,-1.5798249213645856,4.3000000000000025,-15.186799580468278,-15.186799580468278,11798.28088,96,89.48541666666665,3.621901041666667,0.74,0.89,0.81853,0.39284,0.9085442951183655,0.9670859153143448,0.627793303713327,0.6900569488083677,3,8,12,True,X,WY,oxygenMathFix,solublempnn,alphafold2,19,5,12,SREELLELAKKLLEAIKSEELKEEWKELLEEILENGLNEELLKRWEEWLEKLEKEGLSEEEKERLIEALRELQEWWKDPSKREELRELLEEILSLI,28450,11798.28088,----GGGGGGGG------------GGGGGGGG------------GGGGGGGG------------GGGGGGGG------------GGGGGGGG----,40.0,0.0,b5iinin_gap_12_19,-HHHHHHHHHHHHHH---HHHHHHHHHHHHHHHHH-S-HHHHHHHHHHHHHHHTTT--HHHHHHHHHHHHHHHHHHH-HHHHHHHHHHHHHHHHH-,-2.3183,-43.86921058287239,54.61371841155235,2.064085792755398,BestV3 Masked extended absorbing bigBatch oxygenMathFix SolubleMPNN AF2
b5iiiin,24.274999999999984,3.0375,-136.4906142205,-1.70613267775625,4.900000000000004,-4.200797946586396,-4.200797946586396,9471.93758,80,88.10325,4.0465265625,0.69,0.97,0.7962,0.45912,1.0918158309495822,0.9487159348500873,0.7677172144509349,0.6879140407437657,3,8,12,True,X,WY,oxygenMathFix,solublempnn,alphafold2,15,5,9,MDLDKGLEELIERIKKGEALEELKKFGKEAKNLPKEVKEILEKLEKGEATIEEVVEMWEKLKKNYKEWGIEEQLEKLLKS,12660,9471.93758,--GGGGGGGG---------GGGGGGGG---------GGGGGGGG---------GGGGGGGG---------GGGGGGGG--,40.0,0.05,b5iiiin_gap_9_15,--HHHHHHHHHHHHHTTSSHHHHHHHHHH-SS--HHHHHHHHHHHTT-S-HHHHHHHHHHHHHHHHHHT-HHHHHHHHH-,-2.3249,-49.48888107872455,53.71686746987952,7.510147827320033,BestV3 Masked extended absorbing bigBatch oxygenMathFix SolubleMPNN AF2
b5innnn,20.45444444444444,4.033333333333333,-190.4109532237053,-2.11567725804117,4.200000000000003,-9.261291549710702,-9.261291549710702,9689.82478,90,88.61711111111111,3.7267481481481477,0.77,0.72,0.87335,0.42596,0.7600390532872134,0.9828257063817919,0.6668842547391214,0.6847192584377985,3,8,12,True,X,WY,oxygenMathFix,solublempnn,alphafold2,2,5,11,SAELRALAEELLARLADLPPEDLAALVEYLYAREGCGSREAVHAAIREAAAAGLDRDVEAVLAAWDEVYSRLGPDAEAQMRELLALLASR,9530,9689.824779999999,---GGGGGGGG-----------GGGGGGGG-----------GGGGGGGG-----------GGGGGGGG-----------GGGGGGGG---,40.0,0.0,b5innnn_gap_11_2,-HHHHHHHHHHHHHTTTS-HHHHHHHHHHHHHSTTTTSHHHHHHHHHHHHHTT----HHHHHHHHHHHHHHS-TTHHHHHHHHHHHHHT-,-1.2596,-42.669744318181806,52.35588235294118,7.3518032176570465,BestV3 Masked extended absorbing bigBatch oxygenMathFix SolubleMPNN AF2
b3nnn,20.820689655172416,3.9482758620689653,-97.30404338240623,-1.6776559203863144,4.5000000000000036,-3.196934943707745,-3.1969349437077446,6293.8911800000005,58,87.43758620689654,3.5512514863258025,0.68,1.05,0.43163,0.35642,1.4430283892900602,0.9129022069693483,0.6051738997404068,0.683108061689291,3,8,12,True,X,WY,oxygenMathFix,solublempnn,alphafold2,7,3,13,SDEELLAAARAWYAERGLGPVPEAELRADAERVARDIAGAADREAALRAGFDRWLAAR,12660,6293.8911800000005,----GGGGGGGG-------------GGGGGGGG-------------GGGGGGGG----,24.0,0.042,b3nnn_gap_13_7,-HHHHHHHHHHHHHHHT-----HHHHHHHHHHHHHHTTT-S-HHHHHHHHHHHHHHH-,-1.7873,-19.993237531699076,49.13063063063064,6.6339753214921275,BestV3 Masked extended absorbing bigBatch oxygenMathFix SolubleMPNN AF2
b3iii,23.098275862068952,3.586206896551724,-98.79840552806854,-1.703420784966699,4.5000000000000036,-7.195539447570412,-7.195539447570412,7218.91718,58,85.56793103448275,4.153379904875149,0.6,1.05,0.53697,0.36119,1.4430283892900602,0.9111459814330104,0.5666605801988717,0.6796610315127367,3,8,12,True,X,WY,oxygenMathFix,solublempnn,alphafold2,2,3,13,KKEEIRRYLREVRRRLEAGEPLSEEQLRAIEEAREWLEENREEYPEEYEIVEEALKSL,9530,7218.91718,----GGGGGGGG-------------GGGGGGGG-------------GGGGGGGG----,24.0,0.0,b3iii_gap_13_2,-HHHHHHHHHHHHHHHHHT----HHHHHHHHHHHHHHHHTTTT-HHHHHHHHHHHHT-,-2.8968,-24.30169172932331,49.80708661417323,2.483311239099455,BestV3 Masked extended absorbing bigBatch oxygenMathFix SolubleMPNN AF2
l5niin,21.33444444444444,4.055555555555555,-191.49352622777224,-2.127705846975247,4.3000000000000025,-7.190715619963798,-7.190715619963798,9965.130080000004,90,85.71355555555554,4.2296,0.67,2.16,0.63173,0.3449,2.2801171598616405,0.9126360847768116,0.6570809437703743,0.6768989511630623,3,8,12,True,X,WY,oxygenMathFix,solublempnn,alphafold2,0,5,11,MEALLATVRELGLTTVGDGLEVFTARLDSLAPRLSPEEVEEWREMVRRLVASAADPSTTTWAELVRALAASDDEELRARWEEAVRRLAAA,17070,9965.130080000003,---GGGGGGGG-----------GGGGGGGG-----------GGGGGGGG-----------GGGGGGGG-----------GGGGGGGG---,40.0,0.0,l5niin_gap_11_0,-HHHHHHHHHTT--BHHHHHHHHHHHHHHHGGGS-HHHHHHHHHHHHHHHHTSS-TTT-BHHHHHHHHHTSS-HHHHHHHHHHHHHHHH-,-1.5316,-48.39759959141981,51.98569384835479,5.053600698698968,BestV3 Masked extended absorbing bigBatch oxygenMathFix SolubleMPNN AF2
l4inn,24.076056338028152,3.0704225352112675,-157.77568566799164,-2.2221927558872063,4.200000000000003,-11.204703705084084,-11.204703705084084,8632.56908,71,88.82521126760565,3.826595913509225,0.68,0.44,0.9126,0.44082,0.5309169561722596,0.9790156772108666,0.7714401836130619,0.675306042389157,3,8,12,True,X,WY,oxygenMathFix,solublempnn,alphafold2,19,4,11,DELEEGIRYLYEKWKEEKGLKSQEELLELLLDESNAETEEEKEIYKLIKEYKKKGMTDKDLYEILSKVEEE,12090,8632.56908,---GGGGGGGG-----------GGGGGGGG-----------GGGGGGGG-----------GGGGGGGG---,32.0,0.031,l4inn_gap_11_19,-HHHHHHHHHHHHHHHHH---SHHHHHHHHH-GGG--SHHHHHHHHHHHHHHHTT--HHHHHHHHHHHHH-,-2.3659,-39.03619078929344,53.87128712871287,3.718018342408487,BestV3 Masked extended absorbing bigBatch oxygenMathFix SolubleMPNN AF2
b5ininn,25.08437500000001,3.03125,-183.494775429368,-1.9114039107225833,5.0000000000000036,-5.156636998526532,-5.1566369985265315,11650.33818,96,90.5996875,3.3122753906249995,0.77,0.82,0.85373,0.3968,0.8370857550528761,0.9822967234905385,0.800557297498318,0.6694850915618492,3,8,12,True,X,WY,oxygenMathFix,solublempnn,alphafold2,4,5,12,IKELVYKTIEKLLENIDKKETAEKWKEYIKWLEEKGLSKEIRDEWIKLIEEMEKGMDKEEAKKRAYELADKALEDLLKKHSKEEVEELIREVESKL,20910,11650.33818,----GGGGGGGG------------GGGGGGGG------------GGGGGGGG------------GGGGGGGG------------GGGGGGGG----,40.0,0.0,b5ininn_gap_12_4,-HHHHHHHHHHHHHTTTSHHHHHHHHHHHHHHHHTT--HHHHHHHHHHHHHHHTT--HHHHHHHHHHHHHHHHHHHHHHS-HHHHHHHHHHHHHH-,-2.3052,-30.173145741010263,55.603911980440095,1.086919692868075,BestV3 Masked extended absorbing bigBatch oxygenMathFix SolubleMPNN AF2
l5inni,23.208888888888882,3.8444444444444446,-191.3920713365078,-2.126578570405642,4.600000000000003,-5.150783246167431,-5.150783246167431,10238.58878,90,91.13488888888888,3.0528024691358024,0.77,1.73,0.60674,0.3632,1.8262049474817768,0.9716147673086377,0.7356227471693929,0.6676313404357629,3,8,12,True,X,WY,oxygenMathFix,solublempnn,alphafold2,18,5,11,MDRLMAIFARLPEILREAGDEELLGLYQWSQTASYEEALARWLAAVDRLLAHPERYAGTELGAAIRELKTLPEAEARELLRNAVAEWLKS,20910,10238.58878,---GGGGGGGG-----------GGGGGGGG-----------GGGGGGGG-----------GGGGGGGG-----------GGGGGGGG---,40.0,0.05,l5inni_gap_11_18,--HHHHHHHTHHHHHHHHT-HHHHHHHHHHTTS-HHHHHHHHHHHHHHHHH-GGGGTTSHHHHHHHHHHHS-HHHHHHHHHHHHHHHHH-,-1.3957,-23.274993757802747,53.87794729542302,5.222998198214629,BestV3 Masked extended absorbing bigBatch oxygenMathFix SolubleMPNN AF2
h5n_n,24.16447368421051,3.6315789473684212,-164.64205408841372,-2.166342816952812,4.700000000000003,-3.2050121526519293,-3.2050121526519293,8790.985779999999,76,80.47749999999999,5.003149238227147,0.59,0.96,0.81034,0.48297,1.1126802257091741,0.958339955853381,0.802979014236329,0.6660766668167233,3,8,12,True,X,WY,oxygenMathFix,solublempnn,alphafold2,3,5,8,MSTSELYAILFGGITPAEVYAMFREVRPGMTRAELNALWNEVREKYSSLSGEEIVEELRKKYPGSPLEMLRKLYED,12090,8790.985779999999,--GGGGGGGG--------GGGGGGGG--------GGGGGGGG--------GGGGGGGG--------GGGGGGGG--,40.0,0.025,h5n_n_gap_8_3,--HHHHHHHHHTS--HHHHHHHHHHH-TT--HHHHHHHHHHHHHHTTTS-HHHHHHHHHHHS-S-HHHHHHHHHH-,-1.5836,-36.91022246736533,54.72402597402598,17.73125104338796,BestV3 Masked extended absorbing bigBatch oxygenMathFix SolubleMPNN AF2
b4iiiix,22.808860759493655,3.9873417721518987,-168.60711646080017,-2.134267296972154,4.400000000000003,-8.306272252195294,-8.306272252195294,9399.488980000002,79,85.2953164556962,4.178288735779522,0.71,1.02,0.7512,0.37117,1.1562805780290495,0.9350272539804573,0.5913578119659029,0.6630411532309168,3,8,12,True,X,WY,oxygenMathFix,solublempnn,alphafold2,0,4,13,GEWVERYRELLEYAVEYLGEPRYEELRETCIRLGGIDPSLSEEELRERIRELLERSIPRVAAGEEPELRAVLERLLAER,10810,9399.488980000002,----GGGGGGGG-------------GGGGGGGG-------------GGGGGGGG-------------GGGGGGGG----,32.0,0.0,b4iiiix_gap_13_0,-HHHHHHHHHHHHHHHTTTSGGGHHHHHHHHHHHT--TTS-HHHHHHHHHHHHHHHHHHHHTTS-HHHHHHHHHHHHH-,-1.9354,-27.670283077690485,53.06807866868381,5.941158540359646,BestV3 Masked extended absorbing bigBatch oxygenMathFix SolubleMPNN AF2
b4iiiiy,24.62222222222222,3.2698412698412698,-155.30533945560455,-2.4651641183429294,4.100000000000003,-7.42989697299788,-7.42989697299788,7503.211979999999,63,87.2536507936508,3.91896447467876,0.71,0.95,0.74431,0.45762,1.2353990941179884,0.9678386280037742,0.7876265686276237,0.6612948053112083,3,8,12,True,X,WY,oxygenMathFix,solublempnn,alphafold2,7,4,9,SLEEFKEYVKKQTDLDSPLLPWIQKWCEDPSDEEYTAELREKLAKADDSYPELTAWARKYCDS,22190,7503.211979999999,--GGGGGGGG---------GGGGGGGG---------GGGGGGGG---------GGGGGGGG--,32.0,0.0,b4iiiiy_gap_9_7,-HHHHHHHHHH-TT---TTHHHHHHHHH-TT-HHHHHHHHHHHHHS-TTSHHHHHHHHHHH--,-2.0334,-27.856500613051185,52.92045454545455,6.723105309995505,BestV3 Masked extended absorbing bigBatch oxygenMathFix SolubleMPNN AF2
h4i_n,23.59605263157894,3.4473684210526314,-135.24361646920443,-1.7795212693316371,4.5000000000000036,-7.312124767746655,-7.312124767746655,9295.10318,76,89.67065789473683,3.7435370498614957,0.71,1.05,0.69789,0.38023,1.2169939968694095,0.8999559155838012,0.7169221709446096,0.6590827674462016,3,8,12,True,X,WY,oxygenMathFix,solublempnn,alphafold2,4,4,12,MEEEEQFKNRWREIREEVYSKGGGDEDTLRRLRELEKEPRSEEEAFLCERYRELRAEYYAKGGGDEDVLRYIKESL,12090,9295.10318,----GGGGGGGG------------GGGGGGGG------------GGGGGGGG------------GGGGGGGG----,32.0,0.0,h4i_n_gap_12_4,-HHHHHHHHHHHHHHHHHHHTT--HHHHHHHHHHHHHS--SHHHHHHHHHHHHHHHHHHHTT--HHHHHHHHHH--,-2.0842,-14.778095238095238,53.18836140888208,15.093559705946763,BestV3 Masked extended absorbing bigBatch oxygenMathFix SolubleMPNN AF2
l5iiin,23.94302325581394,3.4651162790697674,-177.22568294405937,-2.060763755163481,4.200000000000003,-15.151759182508869,-15.151759182508869,10227.416079999995,86,88.08418604651165,3.883999459167117,0.74,1.33,0.6874,0.40431,1.4384776802792052,0.9739596306547655,0.7645286482476309,0.6559290811909002,3,8,12,True,X,WY,oxygenMathFix,solublempnn,alphafold2,14,5,10,SELKEKLKYLLEHPEELSSERLKEMIEKLKAGFYGYWEELRKVLEELAADESATSPYELALIEFYELSKELSEEEIEELIKEVLEE,12090,10227.416079999997,---GGGGGGGG----------GGGGGGGG----------GGGGGGGG----------GGGGGGGG----------GGGGGGGG---,40.0,0.0,l5iiin_gap_10_14,-HHHHHHHHHHH-GGG-S-HHHHHHHHHHHTT-GGGHHHHHHHHHHHHH-TT--SHHHHHHHHHHHHHTTS-HHHHHHHHHHHHH-,-1.5417,-26.570202170358257,54.99444444444445,5.368910802304916,BestV3 Masked extended absorbing bigBatch oxygenMathFix SolubleMPNN AF2
b6iiniin,24.49633027522936,3.256880733944954,-188.48655246943235,-1.7292344263250674,4.5000000000000036,-9.212325675590236,-9.212325675590236,12921.547779999995,109,87.17284403669723,4.09558118003535,0.75,2.01,0.66105,0.35755,1.9269691202448263,0.9696330765840738,0.7102227269359036,0.6467642769290469,3,8,12,True,X,WY,oxygenMathFix,solublempnn,alphafold2,12,6,11,SEELKKYAERVAKALAEGKLEGYLKLVEEWSKVDKPFSKENFKEMLEKALSTEEAKEDKELKEALEYILENLDEWSLDEIKEYLEYALKLAKEYGVEEYTKYLEKLLSK,21620,12921.547779999997,---GGGGGGGG-----------GGGGGGGG-----------GGGGGGGG-----------GGGGGGGG-----------GGGGGGGG-----------GGGGGGGG---,48.0,0.0,b6iiniin_gap_11_12,-HHHHHHHHHHHHHHHTT--HHHHHHHHHHHHS-----HHHHHHHHHHHHTSHHHHH-HHHHHHHHHHHHTTTTS-HHHHHHHHHHHHHHHHHHT-HHHHHHHHHHHH-,-1.9909,-28.75133633254371,57.246981339187705,10.058754242875294,BestV3 Masked extended absorbing bigBatch oxygenMathFix SolubleMPNN AF2
h5i_i,22.115789473684202,4.2631578947368425,-160.41159439086914,-2.110678873564068,4.900000000000004,-2.3064709577876177,-2.3064709577876177,8434.60778,76,71.81184210526318,6.825533240997229,0.52,1.74,0.61961,0.41616,2.0167329090978785,0.9455617009297534,0.5150042348110048,0.6349443450794772,3,8,12,True,X,WY,oxygenMathFix,solublempnn,alphafold2,18,5,8,LTEAELRALCAGRPPSPRVLALWEGVLRGETLEYVRPGFERAEAGELSPELRAGWERLLARAEDPLLGRVLDLLRG,12660,8434.60778,--GGGGGGGG--------GGGGGGGG--------GGGGGGGG--------GGGGGGGG--------GGGGGGGG--,40.0,0.1,h5i_i_gap_8_18,--HHHHHHHHTT----HHHHHHHHHHHTTSSHHHHHHHHHHHHTT-S-HHHHHHHHHHHHH---HHHHHHHHHHH-,-1.6578,-37.42924684684685,49.69360269360269,10.549445424334431,BestV3 Masked extended absorbing bigBatch oxygenMathFix SolubleMPNN AF2
b6ininin,25.73302752293581,3.385321100917431,-233.0520686358213,-2.1380923728057,4.3000000000000025,-15.108405279309368,-15.108405279309368,13248.68178,109,88.0662385321101,3.853251409813989,0.74,1.23,0.78155,0.40074,1.1791900586572819,0.9710063226107168,0.7957976135811328,0.6339504209579638,3,8,12,True,X,WY,oxygenMathFix,solublempnn,alphafold2,19,6,11,MELVYEYVEKLLSLSHEERREYLYKEAQKASEELGYPPVETLYEWWDYLLKNLSEELKERVHAFVEALWNGDEETTRATAFPVWEEILEALSEEEREKLLELVKKWYAE,38690,13248.68178,---GGGGGGGG-----------GGGGGGGG-----------GGGGGGGG-----------GGGGGGGG-----------GGGGGGGG-----------GGGGGGGG---,48.0,0.0,b6ininin_gap_11_19,-HHHHHHHHHHHHS-HHHHHHHHHHHHHHHHHHHT----SSHHHHHHHHTTTS-HHHHHHHHHHHHHHHHT-HHHHHHHHHHHHHHHHHHS-HHHHHHHHHHHHHHHH-,-1.5204,-26.748945826020837,56.24946695095949,1.5939338959434568,BestV3 Masked extended absorbing bigBatch oxygenMathFix SolubleMPNN AF2
l6niiin,23.96153846153847,3.5576923076923075,-235.2464154958725,-2.2619847643833895,4.000000000000003,-15.206978838092173,-15.206978838092171,12230.54928,104,84.29528846153845,4.506020710059172,0.74,1.48,0.72706,0.40395,1.4515348833539954,0.9738638884547131,0.7901229669221755,0.6326009068287693,3,8,12,True,X,WY,oxygenMathFix,solublempnn,alphafold2,7,6,10,SSLLEELYQQLYDAGILSTPEAQEMLRRILNPEEASIEETYEWYKWALANLPEEQELTRELYEEALELLESGVTSLYDIYKYVGDKLGLSLEEFYEAIKKVVER,22900,12230.54928,---GGGGGGGG----------GGGGGGGG----------GGGGGGGG----------GGGGGGGG----------GGGGGGGG----------GGGGGGGG---,48.0,0.0,l6niiin_gap_10_7,--HHHHHHHHHHHTTTTSSHHHHHHHHHHT-TTT--HHHHHHHHHHHHHHS-TT-HHHHHHHHHHHHHHHTT---HHHHHHHHHHHTT--HHHHHHHHHHHHH-,-1.4979,-17.850772058823527,55.9513325608343,15.09073049738299,BestV3 Masked extended absorbing bigBatch oxygenMathFix SolubleMPNN AF2
h6i_i_i,25.2887931034483,3.1206896551724137,-238.74397265911105,-2.058137695337164,4.600000000000003,-9.316015667188925,-9.316015667188925,13725.714480000004,116,89.44370689655172,3.631530172413793,0.79,1.06,0.82519,0.38728,0.9867716717166258,0.9883374548007756,0.7217133511412805,0.6114815469399175,3,8,12,True,X,WY,oxygenMathFix,solublempnn,alphafold2,0,6,12,GKELALETFYKLYAGEWKTEEQKKIQEVWKKLWELVGKPFSEEGIIEGYRLLLEKLKEKGASKELIEYVENLIKGLETGELSEEVLKYIEGLKNPEENKEVLEKIMKMWEEIEECL,29160,13725.714480000004,----GGGGGGGG------------GGGGGGGG------------GGGGGGGG------------GGGGGGGG------------GGGGGGGG------------GGGGGGGG----,48.0,0.042,h6i_i_i_gap_12_0,-HHHHHHHHHHHHHT---SHHHHHHHHHHHHHHHHHT--SSHHHHHHHHHHHHHHHHHTT--HHHHHHHHHHHHHHHHS---HHHHHHHHHHH-TTT-HHHHHHHHHHHHHHHHH-,-1.6503,-26.279940238667105,56.24430641821946,9.350559218312759,BestV3 Masked extended absorbing bigBatch oxygenMathFix SolubleMPNN AF2
b6inninn,27.07216494845362,3.402061855670103,-205.8786418000236,-2.122460224742511,4.400000000000003,-10.048497024588292,-10.048497024588293,11895.371480000002,97,78.34896907216495,5.88822616643639,0.65,2.03,0.67338,0.40291,2.061394217082954,0.915973236689191,0.7568425514350765,0.6111305701405797,3,8,12,True,X,WY,oxygenMathFix,solublempnn,alphafold2,14,6,9,MSMHEIIDSMDVSPEVRALLREWWDRMLARREDVDAWLAMVRSWGLSEHLLPLYEEWVRKVFDGTATTEETLEMWRRWFAEHDAEEEVRAWVERWMA,52490,11895.371480000002,--GGGGGGGG---------GGGGGGGG---------GGGGGGGG---------GGGGGGGG---------GGGGGGGG---------GGGGGGGG--,48.0,0.0,b6inninn_gap_9_14,--HHHHHHTSSS-HHHHHHHHHHHHHHHHT---HHHHHHHHHHTT--TTTHHHHHHHHHHHHTT---HHHHHHHHHHHHHHS-HHHHHHHHHHHHH-,-1.4562,-34.26363263595276,55.61722488038278,11.446499946232702,BestV3 Masked extended absorbing bigBatch oxygenMathFix SolubleMPNN AF2
l6innni,24.78586956521738,3.217391304347826,-190.22492414712903,-2.067662218990533,4.400000000000003,-10.318225544040498,-10.318225544040498,11011.631680000004,92,70.17380434782608,8.006027882797731,0.55,1.81,0.64715,0.41942,1.8887432244642814,0.9422814601691241,0.7803666630305435,0.6072691052987952,3,8,12,True,X,WY,oxygenMathFix,solublempnn,alphafold2,2,6,8,SLYEEFMEYLMKENDLEKLKELAKKIAEKIGAKDYIPLVEESLEYLKEGKWEEMLEYMLSKLPKTKLREELEEILEGKLSPETEELIKECYS,13370,11011.631680000004,--GGGGGGGG--------GGGGGGGG--------GGGGGGGG--------GGGGGGGG--------GGGGGGGG--------GGGGGGGG--,48.0,0.0,l6innni_gap_8_2,-HHHHHHHHHHHH--HHHHHHHHHHHHHHTT-GGGHHHHHHHHHHHHTT-HHHHHHHHHHHS-SSHHHHHHHHHHTT---HHHHHHHHHHH-,-2.0873,-24.87414965986395,53.51168831168831,28.302044313463004,BestV3 Masked extended absorbing bigBatch oxygenMathFix SolubleMPNN AF2
h6n_n_n,25.833027522935794,3.293577981651376,-225.2101869881153,-2.066148504478122,4.400000000000003,-10.311143712787809,-10.311143712787809,13084.96048,109,79.56211009174311,5.617597003619224,0.64,1.01,0.83349,0.4125,0.9682780156454104,0.9775023804628902,0.7352575992847439,0.6034418347537309,3,8,12,True,X,WY,oxygenMathFix,solublempnn,alphafold2,16,6,11,MEELKAMYEELIKKYGVKDKEGLLKMFEKLREDVERGEDTPVMRAFRWLLENLEEIRENGWIWGYARILGLPLEEAKEVSKELALWLLKQIGCESYEEWLEIVEEFLNS,33570,13084.96048,---GGGGGGGG-----------GGGGGGGG-----------GGGGGGGG-----------GGGGGGGG-----------GGGGGGGG-----------GGGGGGGG---,48.0,0.021,h6n_n_n_gap_11_16,-HHHHHHHHHHHHHHT--SHHHHHHHHHHHHHHHHTT---HHHHHHHHHHHTHHHHHHH-HHHHHHHHHT--HHHHHHHHHHHHHHHHHHHT---HHHHHHHHHHHHH-,-1.8444,-19.968175070189613,55.16304347826087,4.993127910074906,BestV3 Masked extended absorbing bigBatch oxygenMathFix SolubleMPNN AF2
s6,25.98695652173914,3.0869565217391304,-167.76669800281525,-1.8235510652479918,6.700000000000005,-0.2071380826008879,-0.20713808260088795,10690.03588,92,79.17891304347825,5.499461247637051,0.61,1.86,0.69813,0.42673,1.9409184516594273,0.9780592023796459,0.6293865101513078,0.6013555003127511,3,8,12,True,X,WY,oxygenMathFix,solublempnn,alphafold2,5,6,8,SMVNQYWRDALAGKRTPELEKWWDEIAEKYKGKTIAEIWKALQAGEGSEEVNAWWKEALAGKLDPEIAKYVKDAQAGKFSPEFEAVWKRLFK,43670,10690.03588,--GGGGGGGG--------GGGGGGGG--------GGGGGGGG--------GGGGGGGG--------GGGGGGGG--------GGGGGGGG--,48.0,0.0,s6_gap_8_5,-HHHHHHHHHHTT---HHHHHHHHHHHHHTTT--HHHHHHHHHTT-S-HHHHHHHHHHHTT-S-HHHHHHHHHHHTT---HHHHHHHHHHH-,-1.8584,-29.60498866213152,55.36939313984169,5.916113208382039,BestV3 Masked extended absorbing bigBatch oxygenMathFix SolubleMPNN AF2
